-- phpMyAdmin SQL Dump
-- version 4.0.10.6
-- http://www.phpmyadmin.net
--
-- Хост: 127.0.0.1:3306
-- Время создания: Июн 24 2016 г., 20:59
-- Версия сервера: 5.5.41-log
-- Версия PHP: 5.3.29

SET SQL_MODE = "NO_AUTO_VALUE_ON_ZERO";
SET time_zone = "+00:00";


/*!40101 SET @OLD_CHARACTER_SET_CLIENT=@@CHARACTER_SET_CLIENT */;
/*!40101 SET @OLD_CHARACTER_SET_RESULTS=@@CHARACTER_SET_RESULTS */;
/*!40101 SET @OLD_COLLATION_CONNECTION=@@COLLATION_CONNECTION */;
/*!40101 SET NAMES utf8 */;

--
-- База данных: `rss`
--

-- --------------------------------------------------------

--
-- Структура таблицы `Hardware`
--

CREATE TABLE IF NOT EXISTS `Hardware` (
  `id` int(11) unsigned NOT NULL AUTO_INCREMENT,
  `title` varchar(2000) NOT NULL,
  `description` varchar(2000) NOT NULL,
  `href_news` varchar(999) NOT NULL,
  `href_imeg` varchar(999) NOT NULL,
  `time_news` varchar(999) NOT NULL,
  PRIMARY KEY (`id`)
) ENGINE=InnoDB  DEFAULT CHARSET=utf8 AUTO_INCREMENT=12 ;

--
-- Дамп данных таблицы `Hardware`
--

INSERT INTO `Hardware` (`id`, `title`, `description`, `href_news`, `href_imeg`, `time_news`) VALUES
(3, 'NVIDIA Pascal GP104 GPU Pictures Leaked – Built To Power 8 GB GeForce Cards, GP106 Also Shot Up Close', 'A few hours ago, we reported that NVIDIA is expected to launch their consumer grade GeForce graphics cards at Computex. …', 'http://wccftech.com/nvidia-pascal-gp104-gpu-leaked/', 'http://cdn.wccftech.com/wp-content/uploads/2014/09/NVIDIA-GeForce-Maxwell-GM204-Die-Shot-125x125.jpg', ''),
(4, 'NVIDIA GeForce GTX 1080 and GeForce GTX 1070 With Pascal GPUs Under Full Production – Rumors Point to Computex Reveal', 'Reports from APAC based sources suggest that NVIDIA already has production of their Pascal based gaming GPUs in full sw…', 'http://wccftech.com/nvidia-geforce-gtx-1080-1070-computex/', 'http://cdn.wccftech.com/wp-content/uploads/2016/04/5124c8b218f88-125x125.jpg', ''),
(5, 'AMD Radeon R9 380 vs Nvidia GeForce GTX 960 – Finding The 1080p Bang For Buck Champ', 'With us being on the cusp of the Pascal and Polaris launch it may be hard to understand why we would be looking at how t…	', 'http://wccftech.com/nvidia-evga-gtx-960-ssc-amd-xfx-r9-380-oc/', 'http://cdn.wccftech.com/wp-content/uploads/2016/04/IMG_3150-125x125.jpg', ''),
(6, 'Nvidia Pascal GTX 1080 Features 8GB GDDR5X & 384-320GB/s Of Bandwidth, GTX 1070 Fea…', 'According to the latest whispers Nvidia has allegedly designed two reference PCBs with GDDR5X and GDDR5 compatibility f…', 'http://wccftech.com/rumor-nvidia-pascal-gtx-1080-gddr5x-gtx-1070-f-gddr5/', 'http://cdn.wccftech.com/wp-content/uploads/2016/03/NVIDIA-GeForce-GTX-1080-8-Pin-Connector-125x125.jpg', ''),
(10, 'ASRock Officially Confirms Broadwell-E Processor Lineup – X99 Supports Core i7-695…', 'While Intel confirmed their flagship Core i7-6950X processor on their own webpage last week, ASRock has confirmed the re…', 'http://wccftech.com/intel-broadwell-e-processor-asrock-bios-x99-boards/', 'http://cdn.wccftech.com/wp-content/uploads/2016/04/ASUS-X99-HEDT-Build-125x125.jpg', ''),
(11, 'NVIDIA Readies Three Pascal GP104 GPUs To Replace GeForce GTX 980 Ti, GTX 980 and GTX 970 in June – GP104 SKUs Leaked', 'The rumors regarding NVIDIA’s next generation Pascal GPUs are getting hotter by the minute as launch closes in. Th…', 'http://wccftech.com/nvidia-pascal-gp104-gpu-skus-june/', 'http://cdn.wccftech.com/wp-content/uploads/2016/04/NVIDIA-Pascal-GP104-GPU-125x125.png', '');

-- --------------------------------------------------------

--
-- Структура таблицы `Library`
--

CREATE TABLE IF NOT EXISTS `Library` (
  `id` int(11) NOT NULL AUTO_INCREMENT,
  `title` varchar(999) NOT NULL,
  `description` varchar(999) NOT NULL,
  `href_books` varchar(999) NOT NULL,
  `href_img` varchar(999) NOT NULL,
  `time_news` varchar(999) NOT NULL,
  PRIMARY KEY (`id`)
) ENGINE=InnoDB  DEFAULT CHARSET=utf8 AUTO_INCREMENT=5 ;

--
-- Дамп данных таблицы `Library`
--

INSERT INTO `Library` (`id`, `title`, `description`, `href_books`, `href_img`, `time_news`) VALUES
(1, 'ЯЗЫК СПЕЦИФИКАЦИИ АРХИТЕКТУРЫ ЭВМ И ПЕРИФЕРИЙНЫХ УСТРОЙСТВ', 'В данной статье рассмотрен формальный язык, предназначенный для спецификации архитектуры ЭВМ...', 'https://cyberleninka.ru/article/n/yazyk-spetsifikatsii-arhitektury-evm-i-periferiynyh-ustroystv', 'https://cyberleninka.ru/article_covers/15676407.png', ''),
(2, 'МОДЕЛЬ КОМПЬЮТЕРА ФОН НЕЙМАНОВСКОЙ АРХИТЕКТУРЫ', 'Предложена схема построения простейшего компьютера фон Неймановской архитектуры, ориентированного...', 'https://cyberleninka.ru/article/n/model-kompyutera-fon-neymanovskoy-arhitektury-orientirovannaya-na-nachalnoe-obuchenie-programmirovaniyu', 'https://cyberleninka.ru/article_covers/15577580.png', ''),
(3, 'УЧЕБНЫЙ ПРОГРАММНЫЙ ЭМУЛЯТОР ПРОЦЕССОРА I8086', 'Приводится краткое описание программы, имитирующей работу процессора I8086 и наглядно...', 'https://cyberleninka.ru/article/n/uchebnyy-programmnyy-emulyator-protsessora-i8086', 'https://cyberleninka.ru/article_covers/15377969.png', ''),
(4, 'ПРОГРАММНО-МЕТОДИЧЕСКИЙ КОМПЛЕКС ДЛЯ ИЗУЧЕНИЯ АРХИТЕКТУРЫ ЭВМ НА БАЗЕ УЧЕБНОЙ МОДЕЛИ «НЕЙМАН»', 'В статье описан программно-методический комплекс, предназначенный для изучения архитектуры ЭВМ...', 'https://cyberleninka.ru/article/n/programmno-metodicheskiy-kompleks-dlya-izucheniya-arhitektury-evm-na-baze-uchebnoy-modeli-neyman', 'https://cyberleninka.ru/article_covers/15578000.png', '');

-- --------------------------------------------------------

--
-- Структура таблицы `mail`
--

CREATE TABLE IF NOT EXISTS `mail` (
  `id` int(11) NOT NULL AUTO_INCREMENT,
  `mail_domain` varchar(999) NOT NULL,
  `href_image_mail` varchar(999) NOT NULL,
  `href_mail` varchar(999) NOT NULL,
  PRIMARY KEY (`id`)
) ENGINE=InnoDB  DEFAULT CHARSET=utf8 AUTO_INCREMENT=27 ;

--
-- Дамп данных таблицы `mail`
--

INSERT INTO `mail` (`id`, `mail_domain`, `href_image_mail`, `href_mail`) VALUES
(1, 'mail.ru', '', 'https://e.mail.ru/'),
(2, 'gmail.com', '', 'https://mail.google.com/'),
(3, 'live.com', '', 'https://mail.live.com/'),
(4, 'bk.ru', '', 'https://e.mail.ru/'),
(5, 'list.ru', '', 'https://e.mail.ru/'),
(6, 'inbox.ru', '', 'https://e.mail.ru/'),
(7, 'yandex.ru', '', 'https://mail.yandex.ru/'),
(8, 'ya.ru', '', 'https://mail.yandex.ru/'),
(9, 'yandex.ua', '', 'https://mail.yandex.ua/'),
(10, 'yandex.by', '', 'https://mail.yandex.by/'),
(11, 'yandex.kz', '', 'https://mail.yandex.kz/'),
(12, 'yandex.com', '', 'https://mail.yandex.com/'),
(13, 'googlemail.com', '', 'https://mail.google.com/'),
(14, 'outlook.com', '', 'https://mail.live.com/'),
(15, 'hotmail.com', '', 'https://mail.live.com/'),
(16, 'live.ru', '', 'https://mail.live.com/'),
(17, 'me.com', '', 'https://www.icloud.com/'),
(18, 'icloud.com', '', 'https://www.icloud.com/'),
(19, 'rambler.ru', '', 'https://mail.rambler.ru/'),
(20, 'yahoo.com', '', 'https://mail.yahoo.com/'),
(21, 'ukr.net', '', 'https://mail.ukr.net/'),
(22, 'i.ua', '', 'http://mail.i.ua/'),
(23, 'bigmir.net', '', 'http://mail.bigmir.net/'),
(24, 'tut.by', '', 'https://mail.tut.by/'),
(25, 'inbox.lv', '', 'https://www.inbox.lv/'),
(26, 'mail.kz', '', 'http://mail.kz/');

-- --------------------------------------------------------

--
-- Структура таблицы `password_test`
--

CREATE TABLE IF NOT EXISTS `password_test` (
  `id` int(11) NOT NULL AUTO_INCREMENT,
  `number_test` varchar(999) NOT NULL,
  `password` varchar(999) NOT NULL,
  `time_life` varchar(999) NOT NULL,
  PRIMARY KEY (`id`)
) ENGINE=InnoDB  DEFAULT CHARSET=utf8 AUTO_INCREMENT=19 ;

--
-- Дамп данных таблицы `password_test`
--

INSERT INTO `password_test` (`id`, `number_test`, `password`, `time_life`) VALUES
(3, '1', '1111', ''),
(4, '2', '2222', ''),
(6, '3', '3333', ''),
(7, '4', '4444', ''),
(8, '5', '5555', ''),
(9, '6', '6666', ''),
(10, '7', '7777', ''),
(11, '8', '8888', ''),
(12, '9', '9999', ''),
(13, '10', '101010', ''),
(16, '11', '111111', ''),
(17, '12', '121212', ''),
(18, '13', '131313', '');

-- --------------------------------------------------------

--
-- Структура таблицы `presentation`
--

CREATE TABLE IF NOT EXISTS `presentation` (
  `id` int(11) NOT NULL AUTO_INCREMENT,
  `name` varchar(999) NOT NULL,
  `href_image` varchar(999) NOT NULL,
  `href_downloand` varchar(999) NOT NULL,
  `href_document` varchar(999) NOT NULL,
  `href_knowlenge` varchar(999) NOT NULL,
  `href_presentation` varchar(999) NOT NULL,
  `number` varchar(999) NOT NULL,
  `href_ondrive_presentation` varchar(999) NOT NULL,
  PRIMARY KEY (`id`)
) ENGINE=InnoDB  DEFAULT CHARSET=utf8 AUTO_INCREMENT=17 ;

--
-- Дамп данных таблицы `presentation`
--

INSERT INTO `presentation` (`id`, `name`, `href_image`, `href_downloand`, `href_document`, `href_knowlenge`, `href_presentation`, `number`, `href_ondrive_presentation`) VALUES
(1, '', 'document/presentations/1/img/1.png', 'document/presentations/1/02_RAM.ppt', '', '', 'read_presentation_page.php?presentation=', '1', 'https://onedrive.live.com/embed?cid=970EC56FE5EBEAC5&resid=970EC56FE5EBEAC5%21107702&authkey=AFn2JS_JQdwgJ0U&em=2'),
(2, '', 'document/presentations/2/img/2.png', 'document/presentations/2/Арифм_Логич_команды.ppt', '', '', 'read_presentation_page.php?presentation=', '2', 'https://onedrive.live.com/embed?cid=970EC56FE5EBEAC5&resid=970EC56FE5EBEAC5%21107706&authkey=AMEEmTYuBq0FLOk&em=2'),
(3, '', 'document/presentations/3/img/3.png', 'document/presentations/3/Арифметические_команды.ppt', '', '', 'read_presentation_page.php?presentation=', '3', 'https://onedrive.live.com/embed?cid=970EC56FE5EBEAC5&resid=970EC56FE5EBEAC5%21107701&authkey=ANlPf3Ib6bv8JAU&em=2'),
(4, '', 'document/presentations/4/img/4.png', 'document/presentations/4/Ввод_с_клавиатуры.ppt', '', '', 'read_presentation_page.php?presentation=', '4', 'https://onedrive.live.com/embed?cid=970EC56FE5EBEAC5&resid=970EC56FE5EBEAC5%21107703&authkey=AOW80uG0Jws1qkU&em=2'),
(5, '', 'document/presentations/5/img/5.png', 'document/presentations/5/Вывод_на_экран_в_текстовом_режиме.ppt', '', '', 'read_presentation_page.php?presentation=', '5', 'https://onedrive.live.com/embed?cid=970EC56FE5EBEAC5&resid=970EC56FE5EBEAC5%21107704&authkey=AJ6RXp-LSsqKWoE&em=2'),
(6, '', 'document/presentations/6/img/6.png', 'document/presentations/6/Для_ПР№3.ppt', '', '', 'read_presentation_page.php?presentation=', '6', 'https://onedrive.live.com/embed?cid=970EC56FE5EBEAC5&resid=970EC56FE5EBEAC5%21107709&authkey=ACJB5ctTBR9QjmA&em=2'),
(7, '', 'document/presentations/7/img/7.png', 'document/presentations/7/Команды_обработки_цепочек.ppt', '', '', 'read_presentation_page.php?presentation=', '7', 'https://onedrive.live.com/embed?cid=970EC56FE5EBEAC5&resid=970EC56FE5EBEAC5%21107705&authkey=AJDdm_n5OMLWp24&em=2'),
(8, '', 'document/presentations/8/img/8.png', 'document/presentations/8/Магистрально-модульный_принцип_ШИНЫ!!!.ppt', '', '', 'read_presentation_page.php?presentation=', '8', 'https://onedrive.live.com/embed?cid=970EC56FE5EBEAC5&resid=970EC56FE5EBEAC5%21107707&authkey=AAB97HJ06KqAdRA&em=2'),
(9, '', 'document/presentations/9/img/9.png', 'document/presentations/9/Основные_команды_ассемблера.ppt', '', '', 'read_presentation_page.php?presentation=', '9', 'https://onedrive.live.com/embed?cid=970EC56FE5EBEAC5&resid=970EC56FE5EBEAC5%21107708&authkey=AFjp0lC3tjQHuKM&em=2'),
(10, '', 'document/presentations/10/img/10.png', 'document/presentations/10/Принципы_фон_Неймана.ppt', '', '', 'read_presentation_page.php?presentation=', '10', 'https://onedrive.live.com/embed?cid=970EC56FE5EBEAC5&resid=970EC56FE5EBEAC5%21107716&authkey=ADJIldByFCYlezc&em=2'),
(11, '', 'document/presentations/11/img/11.png', 'document/presentations/11/Производство микропроцессоров.pptx', '', '', 'read_presentation_page.php?presentation=', '11', 'https://onedrive.live.com/embed?cid=970EC56FE5EBEAC5&resid=970EC56FE5EBEAC5%21107712&authkey=ALCW7GjN6F4SBXM&em=2'),
(12, '', 'document/presentations/12/img/12.png', 'document/presentations/12/Процессор.pptx', '', '', 'read_presentation_page.php?presentation=', '12', 'https://onedrive.live.com/embed?cid=970EC56FE5EBEAC5&resid=970EC56FE5EBEAC5%21107710&authkey=ANLB4gHRKPZv8Ow&em=2'),
(13, '', 'document/presentations/13/img/13.png', 'document/presentations/13/РежАдресации_опис-сегментов.ppt', '', '', 'read_presentation_page.php?presentation=', '13', 'https://onedrive.live.com/embed?cid=970EC56FE5EBEAC5&resid=970EC56FE5EBEAC5%21107711&authkey=AIipFcRerfcUZkE&em=2'),
(14, '', 'document/presentations/14/img/14.png', 'document/presentations/14/Системная_плата_Шины.ppt', '', '', 'read_presentation_page.php?presentation=', '14', 'https://onedrive.live.com/embed?cid=970EC56FE5EBEAC5&resid=970EC56FE5EBEAC5%21107713&authkey=AJ_5ZkP9CJ9y_7s&em=2'),
(15, '', 'document/presentations/15/img/15.png', 'document/presentations/15/Устройство.ppt', '', '', 'read_presentation_page.php?presentation=', '15', 'https://onedrive.live.com/embed?cid=970EC56FE5EBEAC5&resid=970EC56FE5EBEAC5%21107715&authkey=AFtErVO52cP0-Kc&em=2'),
(16, '', 'document/presentations/16/img/16.png', 'document/presentations/16/ФизАдрес_реальный_режим.ppt', '', '', 'read_presentation_page.php?presentation=', '16', 'https://onedrive.live.com/embed?cid=970EC56FE5EBEAC5&resid=970EC56FE5EBEAC5%21107714&authkey=ABL6mjO7flLc_V8&em=2');

-- --------------------------------------------------------

--
-- Структура таблицы `read_doc`
--

CREATE TABLE IF NOT EXISTS `read_doc` (
  `id` int(11) NOT NULL AUTO_INCREMENT,
  `practical_work` varchar(999) NOT NULL,
  `theme` varchar(999) NOT NULL,
  `target` varchar(999) NOT NULL,
  `progress` varchar(999) NOT NULL,
  `text` varchar(999) NOT NULL,
  `path_to_file` varchar(999) NOT NULL,
  `href_doc_file` varchar(999) NOT NULL,
  `download_file` varchar(999) NOT NULL,
  `name` varchar(999) NOT NULL,
  `href_theme` varchar(999) NOT NULL,
  `sections` varchar(999) NOT NULL,
  `practice` varchar(999) NOT NULL,
  `laboratory` varchar(999) NOT NULL,
  `href_presentation` varchar(999) NOT NULL,
  `href_know_control` varchar(999) NOT NULL,
  PRIMARY KEY (`id`)
) ENGINE=InnoDB  DEFAULT CHARSET=utf8 AUTO_INCREMENT=23 ;

--
-- Дамп данных таблицы `read_doc`
--

INSERT INTO `read_doc` (`id`, `practical_work`, `theme`, `target`, `progress`, `text`, `path_to_file`, `href_doc_file`, `download_file`, `name`, `href_theme`, `sections`, `practice`, `laboratory`, `href_presentation`, `href_know_control`) VALUES
(1, 'Практическая работа № 5', 'Тема: "Разработка программ линейной структуры с использованием арифметических команд CPU i8086".', 'Цель:<br>\n1.    Закрепить понятие "обмен информацией между CPU и RAM".<br>\n2.    Научиться:\n-        использовать арифметические команды при составлении программ линейной структуры на языке ассемблера;<br>\n-        особенностям использования арифметических команд в ассемблерных программах;<br>\n3.     закрепить особенности выполнения арифметических команд;<br>\n4.     научиться устанавливать флаги состояния регистра флагов по результату выполнения указанных команд;<br>\n5.     закрепить навыки по кодированию и декодированию этих команд.', 'Ход работы.<br>\n1.Познакомиться с необходимой теоретической информацией.<br>\n2.Ответить на контрольные вопросы.<br>\n4.Выполнить предложенные задания на программирование.<br>\n5.Оформить отчет.<br>\n6.Защитить работу.', 'Команда MOV замещает операнд-приемник операндом-источником. При этом исходное значение операнда-приемника теряется. Операнд-источник не изменяется. В зависимости от описания операндов, пересылается...', 'document/section/section_2/5/htm/practice_work_5.htm', 'read_document.php', 'document/section/section_2/5/doc/practice/Практическая работа №5.docx', '5', 'read_document.php?section=2&page=5&practice=5', '2', '5', '', '', 'Control_know_page.php?test=8'),
(2, 'Практическая работа № 4', 'ТЕМА: "Изучение особенностей выполнения команды пересылки кодов (MOV), особенностей выполнения команды сравнения кодов (CMP) и ее влияния на флаги состояния регистра флагов".', 'ЦЕЛЬ:<br> \r\n1. Закрепить понятие "обмен информацией между CPU и RAM".<br>\r\n2. Научиться:<br>\r\n-	кодированию и декодированию машинного представления  команд  пересылки и сравнения кодов;<br>\r\n-	особенностям использования команд пересылки и сравнения кодов в ассемблерных программах;<br>\r\n-	устанавливать флаги состояния регистра флагов по результату выполнения команды сравнения кодов.\r\n', 'Ход работы:<br>\r\n1.	повторить приведенный ниже теоретический материал;<br>\r\n2.	вычислить значения операндов для своего варианта;<br>\r\n3.	выполнить указанные задания;<br>\r\n4.	ответить на контрольные вопросы.\r\n', 'Команда MOV замещает операнд-приемник операндом-источником. При этом исходное значение операнда-приемника теряется. Операнд-источник не...', 'document/section/section_2/5/htm/practice_work_4.htm', 'read_document.php', 'document/section/section_2/5/doc/practice/Практическая работа №4.docx', '4', 'read_document.php?section=2&page=4&practice=4', '2', '4', '', '', 'Control_know_page.php?test=7'),
(3, 'Практическая работа № 3', 'Тема: «СОСТАВЛЕНИЕ И ТРАССИРОВКА ЛИНЕЙНЫХ ПРОГРАММ НА УЧЕБНОЙ ЭВМ «УК НЕЙМАН».', 'Цель:<br>\r\n-	повторить структуру команд, назначение полей команды;<br>\r\n-	повторить назначение основных блоков процессора;<br>\r\n-	научиться читать и писать линейные программы на машинном языке;<br>\r\n-	протестировать программу для всех целых a [-2;2] , причем b и c – любые целые числа.<br>\r\n-	проследить за изменением состояния регистров процессора (РОНов, регистра команд и регистра счетчика команд), а также ячеек памяти при выполнении команд программы.\r\n', '', '', 'document/section/section_2/4/htm/practice_work_3.htm', 'read_document.php', 'document/section/section_2/4/doc/practice/Практическая работа №3.docx', '3', 'read_document.php?section=2&page=3&practice=3', '2', '3', '', '', 'Control_know_page.php?test=5'),
(4, 'Практическая работа № 7', 'Тема: «РАЗРАБОТКА ПРОГРАММ РАЗВЕТВЛЯЮЩЕЙСЯ СТРУКТУРЫ С ИСПОЛЬЗОВАНИЕМ КОМАНД УСЛОВНЫХ И БЕЗУСЛОВНЫХ ПЕРЕХОДОВ. ВЫЧИСЛЕНИЕ ВЕЛИЧИНЫ СМЕЩЕНИЯ ПРИ ВЫПОЛНЕНИИ ПРЯМЫХ ОТНОСИТЕЛЬНЫХ ПЕРЕХОДОВ».', 'Цель:<br>\r\n-	научиться использовать команды условного и безусловного перехода при составлении  программ разветвляющейся структуры на языке ассемблера; <br>\r\n-	развить умения по использованию прямого относительного режима адресации памяти;<br>\r\n-	научиться вычислять смещение при выполнении прямых относительных переходов;<br>\r\n-	научиться кодировать и декодировать команды передачи управления.\r\n', 'ХОД РАБОТЫ:<br>\r\n1.	Повторить приведенный ниже теоретический материал;<br>\r\n2.	вычислить значения операндов для своего варианта;<br>\r\n3.	выполнить указанные задания;<br>\r\n4.	ответить на контрольные вопросы;<br>\r\n5.	подготовить отчет о проделанной работе.', 'Ассемблер, являясь языком низкого уровня, не содержит операторов ветвления, циклов, не поддерживает автоматического формирования адресов для структур данных, не обеспечивает автоматического выполнения преобразований при вводе-выводе данных...', 'document/section/section_2/5/htm/practice_work_7.htm', 'read_document.php', 'document/section/section_2/5/doc/practice/Практическая работа №7.docx', '7', 'read_document.php?section=2&page=7&practice=7', '2', '7', '', '', 'Control_know_page.php?test=10'),
(7, 'Практическая работа № 2', 'Тема: «РАЗРАБОТКА ПРОГРАММ РАЗВЕТВЛЯЮЩЕЙСЯ И ЦИКЛИЧЕСКОЙ СТРУКТУРЫ ДЛЯ УК НЕЙМАН».', 'Цель:<br>\r\n-	повторить структуру команд, назначение полей команды;<br>\r\n-	повторить назначение основных блоков процессора;<br>\r\n-	научиться читать и писать программы с разветвляющейся и циклической структурой на машинном языке;<br>\r\n-	проанализировать работу процессора с основной памятью;<br>\r\n	протестировать программу для всех целых a- [-2;2] , причем b и c – любые целые числа.<br>\r\n-	проследить за изменением состояния регистров процессора (РОНов, регистра команд и регистра счетчика команд), а также ячеек памяти при выполнении команд программы.', 'Ход работы:<br>\r\n1.	Изучить примеры программ с разветвляющейся и циклической структурой для УК НЕЙМАН.<br>\r\n2.	Разработать программы для задачи 1 и задачи 2 своего варианта. <br>\r\n3.	Протестировать полученные программы.<br>\r\n4.	Оформить отчет по лабораторной работе: <br>\r\n-	номер варианта, условие задачи1 и задачи2;<br>\r\n-	машинные коды программ задачи1 и задачи2;<br>\r\n-	результаты тестирования обеих программ (значения исходных данных и полученные результаты в шестнадцатеричной и десятичной системе счисления.\r\n', 'Рассмотрим ПРИМЕР ВЫПОЛНЕНИЯ ЦИКЛИЧЕСКОЙ ПРОГРАММЫ  НА «УК НЕЙМАН»', 'document/section/section_2/3/htm/practice_work_2.htm', 'read_document.php', 'document/section/section_2/3/doc/practice/Практическая работа №2.docx', '2', 'read_document.php?section=2&page=2&practice=2', '2', '2', '', '', 'Control_know_page.php?test=3'),
(8, 'Практическая работа № 1', 'Тема: «СОСТАВЛЕНИЕ И ТРАССИРОВКА ЛИНЕЙНЫХ ПРОГРАММ НА УЧЕБНОЙ ЭВМ «УК НЕЙМАН».', 'Цель:<br>\r\n-	повторить структуру команд, назначение полей команды;<br>\r\n-	повторить назначение основных блоков процессора;<br>\r\n-	научиться читать и писать линейные программы на машинном языке;<br>\r\n-	протестировать программу для всех целых a- [-2;2] , причем b и c – любые целые числа.<br>\r\n-	проследить за изменением состояния регистров процессора (РОНов, регистра команд и регистра счетчика команд), а также ячеек памяти при выполнении команд программы.<br>\r\nвыполнении команд программы.', '\r\n', '', 'document/section/section_2/3/htm/practice_work_1.htm', 'read_document.php', 'document/section/section_2/3/doc/practice/Практическая работа №1.docx', '1', 'read_document.php?section=2&page=1&practice=1', '2', '1', '', '', 'Control_know_page.php?test=3'),
(9, 'Практическая работа № 6', 'Тема: «РАЗРАБОТКА ПРОГРАММ ЛИНЕЙНОЙ СТРУКТУРЫ С ИСПОЛЬЗОВАНИЕМ ЛОГИЧЕСКИХ КОМАНД И КОМАНД, ОСУЩЕСТВЛЯЮЩИХ АРИФМЕТИЧЕСКИЕ, ЛОГИЧЕСКИЕ И ЦИКЛИЧЕСКИЕ СДВИГИ».', 'Цель:<br>\r\n―	опробовать типичные ситуации применения логических команд<br>\r\n―	закрепить особенности выполнения логических команд, а также команд арифметических, логических и циклических сдвигов;<br>\r\n―	научиться устанавливать флаги состояния регистра флагов по результату выполнения указанных команд;<br>\r\n―	научиться использовать логические команды и команды сдвигов при составлении программ линейной структуры на языке ассемблера; <br>\r\n―	закрепить навыки по кодированию и декодированию этих команд.\r\n', '\r\nХОД РАБОТЫ.<br>\r\n1.	Познакомиться с необходимой теоретической информацией.<br>\r\n2.	Ответить на контрольные вопросы.<br>\r\n3.	Выполнить предложенные задания на программирование.<br>\r\n4.	Оформить отчет.<br>\r\n5.	Защитить работу.', 'Минимально  адресуемая единица данных в микропроцессоре – байт. Логические команды позволяют манипулировать отдельными битами. Это единственные команды в системе команд микропроцессора, которые позволяют работать на битов...', 'document/section/section_2/5/htm/practice_work_6.htm', 'read_document.php', 'document/section/section_2/5/doc/practice/Практическая работа №6.docx', '6', 'read_document.php?section=2&page=6&practice=6', '2', '6', '', '', 'Control_know_page.php?test=9'),
(10, 'Практическая работа № 8', 'Тема: «РАЗРАБОТКА ПРОГРАММ ЦИКЛИЧЕСКОЙ СТРУКТУРЫ C ИСПОЛЬЗОВАНИЕМ ОДНОМЕРНЫХ И ДВУМЕРНЫХ МАССИВОВ».', 'Цель:<br>\r\n―	Изучить особенности выполнения команд, организующих циклы (LOOPx), и команд загрузки исполнительного адреса (LEA).<br>\r\n―	Научиться использовать указанные команды при составлении программ циклической структуры на языке ассемблера.', 'ХОД РАБОТЫ:<br>\r\n1.	Повторить приведенный ниже теоретический материал.<br>\r\n2.	Разобрать примеры приведенных программ, реализующих обработку массивов.<br>\r\n3.	Внимательно изучить задание своего варианта на обработку элементов массива.<br>\r\n4.	Разработать блок-схему программы обработки элементов массива.<br>\r\n5.	Задать одномерный массив целочисленных данных MAS в одном из заданных форматов (DB, DW, DD) и реализовать обработку массива в соответствии с заданием. Длина массива N. Исходные данные задать самостоятельно, учитывая формат элементов массива MAS. Тип результата определяется из контекста задачи.<br>\r\n6.	Произвести тестовые проверки, отметить нормальные и аномальные результаты, сделать анализ результатов.<br>\r\n7.	Сравнить результаты, полученные в результате работы программы, с рассчитанными вручную. \r\n8.	Ответить на контрольные вопросы.<br>\r\n9.	Оформить отчет по практической работе, включающий тему и цель работы, листинги программ, тестовые примеры, ответы на контрольные вопросы.\r', 'Для того чтобы обрабатывать массив в ассемблере, нужно знать, где он хранится (его начальный адрес), и длину его элемента. Как и в языке C/C++, имя массива в ассемблере является и его начальным адресом.', 'document/section/section_2/5/htm/practice_work_8.htm', 'read_document.php', 'document/section/section_2/5/doc/practice/Практическая работа №8.docx', '8', 'read_document.php?section=2&page=8&practice=8', '2', '8', '', '', 'Control_know_page.php?test=11'),
(11, 'Практическая работа № 9', 'Тема: «РАЗРАБОТКА ПРОГРАММ С ИСПОЛЬЗОВАНИЕМ КОМАНД СТРОКОВЫХ ПРИМИТИВОВ».', 'Цель:<br>\r\n―	изучение особенностей выполнения команд обработки строк;<br>\r\n―	оценка преимущества цепочечных команд над командами, работающими с отдельными элементами.\r\n', 'ХОД РАБОТЫ:<br>\r\n1.	Повторить приведенный ниже теоретический материал.<br>\r\n2.	Разобрать примеры приведенных программ, реализующих обработку строк.<br>\r\n3.	Внимательно изучить задание своего варианта на обработку цепочек элементов.<br>\r\n4.	Разработать блок-схему программы, обрабатывающей цепочки элементов в памяти.<br>\r\n5.	Задать цепочку элементов (строку) в формате DB и реализовать ее обработку в соответствии с заданием. Длина строки N. Исходные данные задать самостоятельно (либо получить у преподавателя).<br>\r\n6.	Произвести тестовые проверки, отметить нормальные и аномальные результаты, сделать анализ результатов.<br>\r\n7.	Сравнить результаты, полученные в результате работы программы, с рассчитанными вручную. <br>\r\n8.	Ответить на контрольные вопросы.<br>\r\n9.	Оформить отчет по практической работе, включающий тему и цель работы, листинги программ, тестовые примеры, ответы на контрольные вопросы.', '', 'document/section/section_2/7/htm/practice_work_9.htm', 'read_document.php', 'document/section/section_2/7/doc/practice/Практическая работа №9.docx', '9', 'read_document.php?section=2&page=9&practice=9', '2', '9', '', '', 'Control_know_page.php?test=13'),
(12, 'Лабораторная работа № 1', 'Тема: НАЗНАЧЕНИЕ МП. ОСНОВНОЙ ЦИКЛ РАБОТЫ МП ФОН-НЕЙМАНОВСКОЙ АРХИТЕКТУРЫ.', 'Цель работы: Получить представление о процессах происходящих в ЭВМ с фон-Неймановской архитектурой во время выполнения программы. Познакомиться с понятием «машинный цикл».', '', 'Архитектура типичной небольшой вычислительной системы на основе микроЭВМ содержит все 5 основных блоков цифровой машины: устройство ввода информации, управляющее устройство...', 'document/section/section_2/1/htm/laboratory_work_1.htm', 'read_document.php', 'document/section/section_2/1/doc/laboratory/Лабораторная работа №1.docx', '1', 'read_document.php?section=2&page=1&laboratory=1', '2', '', '1', '', 'Control_know_page.php?test=1'),
(13, 'Лабораторная работа № 2', 'Тема: «РЕЖИМЫ АДРЕСАЦИИ ОПЕРАНДОВ МП ФОН-НЕЙМАНОВСКОЙ АРХИТЕКТУРЫ»', 'Цель:<br>\n-	повторить структуру команды – основные поля и их назначение;<br>\n-	определить формат команды – структуру ее полей\n', '', 'Для того чтобы обрабатывать массив в ассемблере, нужно знать, где он хранится (его начальный адрес), и длину его элемента. Как и в языке C/C++, имя массива в ассемблере является и его начальным адресом.', 'document/section/section_2/2/htm/laboratory_work_2.htm', 'read_document.php', 'document/section/section_2/2/doc/laboratory/Лабораторная работа №2.docx', '2', 'read_document.php?section=2&page=2&laboratory=2', '2', '', '2', '', 'Control_know_page.php?test=2'),
(14, 'Лабораторная работа № 3', 'Тема: «СТРУКТУРА УЧЕБНОЙ ЭВМ. СОСТОЯНИЯ И РЕЖИМЫ РАБОТЫ УЧЕБНОЙ ЭВМ. ИНТЕРФЕЙС ПОЛЬЗОВАТЕЛЯ.»', 'Цель работы:<br>\n-	закрепить знания логической структуры процессора фон-Неймановской архитектуры, логической структуры и функций основной памяти;<br>\n-	закрепить знания принципов фон-Неймановской архитектуры;<br>\n-	закрепить знания по кодированию информации в ЭВМ;<br>\n-	научиться работать с учебной ЭВМ «УК НЕЙМАН».', 'Ход работы:<br>\n-	загрузить Интернет-приложение «УК НЕЙМАН»;<br>\n-	используя указанные ссылки, познакомиться с описанием машины, системой команд, инструкцией по использованию;<br>\n-	загрузить в «УК НЕЙМАН» программу из предложенных примеров и осуществить ее пошаговое выполнение.<br>\n-	ответить на контрольные вопросы.', '', 'document/section/section_2/3/htm/laboratory_work_3.htm', 'read_document.php', 'document/section/section_2/3/doc/laboratory/Лабораторная работа №3.docx', '3', 'read_document.php?section=2&page=3&laboratory=3', '2', '', '3', '', 'Control_know_page.php?test=3'),
(15, 'Лабораторная работа № 4', 'Тема: «ИЗУЧЕНИЕ МЕХАНИЗМА ОПРЕДЕЛЕНИЯ ФИЗИЧЕСКОГО АДРЕСА ПРИ СЕГМЕНТНОЙ АДРЕСАЦИИ ПАМЯТИ В РЕАЛЬНОМ РЕЖИМЕ РАБОТЫ ПРОЦЕССОРА»', 'Цель работы:<br>\n-	закрепить знания назначения, логической структуры и функций основной памяти;<br>\n-	повторить структуру адресного пространства 1 Мб;<br>\n-	закрепить знания по сегментной адресации памяти в реальном режиме работы процессора;<br>\n-	научиться определять физические адреса ячеек памяти на основе известных логических.', 'ХОД РАБОТЫ<br>\n-	Просмотреть презентации «Организация памяти ПЭВМ», «Режимы адресации памяти»;<br>\n-	повторить приведенный ниже теоретический материал (просмотреть презентацию);<br>\n-	выполнить приведенные задания;<br>\n-	ответить на контрольные вопросы.', 'Чтобы CPU мог передать адрес какой-либо ячейки RAM, нужно записать ее адрес в один из регистр...', 'document/section/section_2/4/htm/laboratory_work_4.htm', 'read_document.php', 'document/section/section_2/4/doc/laboratory/Лабораторная работа№4.docx', '4', 'read_document.php?section=2&page=4&laboratory=4', '2', '', '4', '', 'Control_know_page.php?test=4'),
(16, 'Лабораторная работа № 5', 'Тема: «СОСТАВЛЕНИЕ УПРОЩЕННОЙ СХЕМЫ ВЫПОЛНЕНИЯ ПРОЦЕССОРОМ I8086 МАШИННЫХ КОМАНД ПРОГРАММЫ».', 'Цель:<br>\r\n―	научиться читать состояния функциональных регистров процессора и распределять память под нужды программы;<br>\r\n―	научиться анализировать этапы выполнения машинных команд программы;<br>\r\n―	понять назначение префикса программного сегмента (PSP).\r\n', 'ХОД РАБОТЫ:<br>\r\n1.	Повторить приведенный ниже теоретический материал.<br>\r\n2.	Выделить основные этапы рабо¬ты процессора при выполнении машинной команды.<br>\r\n3.	Аналогично приведенному примеру, проанализировать этапы работы процессора по выполнению команд своего варианта.<br>\r\n4.	В качестве отчета по работе подготовить презентацию, содержащую отдельные слайды по каждому этапу выполнения команд. Слайды, помимо текста, должны содержать аналогичные рисунки.<br> \r\n5.	Ответить на контрольные вопросы.\r\n', 'Рассмотрим упрощенную схему выполнения процессором машинных команд программы. Эта схема на логическ...', 'document/section/section_2/5/htm/laboratory_work_5.htm', 'read_document.php', 'document/section/section_2/5/doc/laboratory/Лабораторная работа №5.docx', '5', 'read_document.php?section=2&page=5&laboratory=5', '2', '', '5', '', 'Control_know_page.php?test=6'),
(17, 'Лабораторная работа № 6', 'Тема: «РАЗРАБОТКА ПРОГРАММ ЛИНЕЙНОЙ СТРУКТУРЫ С ИСПОЛЬЗОВАНИЕМ ЛОГИЧЕСКИХ КОМАНД И КОМАНД, ОСУЩЕСТВЛЯЮЩИХ АРИФМЕТИЧЕСКИЕ, ЛОГИЧЕСКИЕ И ЦИКЛИЧЕСКИЕ СДВИГИ».', 'Цель:<br>\r\n―	опробовать типичные ситуации применения логических команд<br>\r\n―	закрепить особенности выполнения логических команд, а также команд арифметических, логических и циклических сдвигов;<br>\r\n―	научиться устанавливать флаги состояния регистра флагов по результату выполнения указанных команд;<br>\r\n―	научиться использовать логические команды и команды сдвигов при составлении программ линейной структуры на языке ассемблера; <br>\r\n―	закрепить навыки по кодированию и декодированию этих команд.', 'ХОД РАБОТЫ.<br>\r\n1.	Познакомиться с необходимой теоретической информацией.<br>\r\n2.	Ответить на контрольные вопросы.<br>\r\n3.	Выполнить предложенные задания на программирование.<br>\r\n4.	Оформить отчет.<br>\r\n5.	Защитить работу.', 'Минимально  адресуемая единица данных в микропроцессоре – байт. Логические команды позволяю...', 'document/section/section_2/6/htm/laboratory_work_6.htm', 'read_document.php', 'document/section/section_2/6/doc/laboratory/Лабораторная работа №6.docx', '6', 'read_document.php?section=2&page=6&laboratory=6', '2', '', '6', '', 'Control_know_page.php?test=12'),
(18, 'Лабораторная работа № 7', 'Тема: «РАЗРАБОТКА ПРОГРАММЫ, ОСУЩЕСТВЛЯЮЩЕЙ БИНАРНЫЙ ПОИСК ЭЛЕМЕНТА В  МАССИВЕ».', 'Цель:<br>\n―	Изучение приемов поиска элементов в массивах данных в программах на языке ASSEMBLER\n', 'ХОД РАБОТЫ:<br>\n1.	Ознакомиться с методами поиска информации в массивах данных.<br>\n2.	Закрепить теоретические сведения по использованию методов сортировки массивов и метода бинарного поиска заданного элемента выполнением указанного ниже задания.<br>\n3.	Написать модуль сортировки (одним или несколькими приведенными способами) элементов массива на языке ассемблера.<br>\n4.	Составить и зарисовать в отчет блок-схему алгоритма бинарного поиска элементов.<br>\n5.	Написать модуль, реализующий бинарный поиск заданного элемента в массиве на языке ассемблера.<br>\n6.	Произвести тестовые проверки, отметить нормальные и аномальные результаты, сделать анализ результатов.<br>\n7.	Выполнить оценку скорости работы исследуемых алгоритмов поиска.', 'Одна из распространенных задач при программировании задач обработки данных, работы с матричным представлением число...', 'document/section/section_2/7/htm/laboratory_work_7.htm', 'read_document.php', 'document/section/section_2/7/doc/laboratory/Лабораторная работа №7.docx', '7', 'read_document.php?section=2&page=7&laboratory=7', '2', '', '7', '', 'Control_know_page.php?test=13'),
(19, 'Лабораторная работа № 1', 'Тема: "Разработка простейших программ на машинном языке гипотетического компьютера".', 'Цель работы:<br>\r\n\r\nНа примере гипотетической ЭВМ разобрать и закрепить основные принципы фон Неймановской архитектуры компьютера. Уяснить назначение основных блоков процессора: АЛУ, устройства управления, регистров. Усвоить понятия: "машинная команда", "код операции", "операнд", "система команд", "тракт данных", "машинный цикл".', 'Порядок работы:<br>\r\n1.	Ознакомиться с основными архитектурными характеристиками гипотетического компьютера.<br>\r\n2.	Детально разобрать структуру каждой команды, входящей в систему команд гипотетического компьютера.<br>\r\n3.	Для каждой команды из системы команд детально описать действия процессора по ее выполнению.<br>\r\n4.	Объяснить действия процессора по выполнению команд, приведенных в качестве примеров.<br>\r\n5.	Ответить на контрольные вопросы.<br>\r\n6.	Оформить отчет по лабораторной работе № 1.\r\n', 'Рассматриваемая машина имеет 16 регистров общего назначения, пронумерованных от 0 до F. Разрядность каждого р...', 'document/section/section_1/1/htm/laboratory_work_1.htm', 'read_document.php', 'document/section/section_1/1/doc/laboratory/Лабораторная работа№1.doc', '1', 'read_document.php?section=1&page=1&laboratory=1', '1', '', '1', '', ''),
(20, 'Лабораторная работа № 2', 'Тема: "Изучение этапов выполнения машинного цикла. Работа процессора с оперативной памятью".\n', 'Цель работы:<br>\nДетальное изучение этапов машинного цикла по выполнению команд программы.\n', 'Порядок работы:<br>\r\n1.	Изучите приведенный ниже теоретический материал, включающий описание этапов функционирования машинного цикла.<br>\r\n2.	Дан текст программы на машинном языке гипотетической машины (см. ЛР №1).<br>\r\nПриведено полное описание работы процессора по выполнению указанной программы (поэтапное описание машинных циклов). Внимательно изучите его.<br>\r\n3.	Дайте ответы на контрольные вопросы.<br>\r\n4.	Выполните приведенные ниже задания.<br>\r\n5.	Оформите отчет по лабораторной работе № 2.', 'Компьютер выполняет хранимую в его памяти программу посредством копирования команд из основной... ', 'document/section/section_1/2/htm/laboratory_work_2.htm', 'read_document.php', 'document/section/section_1/2/doc/laboratory/Лабораторная работа№2.doc', '2', 'read_document.php?section=1&page=2&laboratory=2', '1', '', '2', '', ''),
(21, 'Лабораторная работа № 3', 'Тема: "Создание программ на машинном языке в системе команд учебной вычислительной машины".', 'Цель работы:<br>\r\nИзучение системы команд процессора гипотетической ЭВМ.\r\n', 'Порядок работы:<br>\r\n1.	Повторите теоретический материал из лабораторных работ №1 и №2.<br>\r\n2.	Выполните приведенные ниже задания.<br>\r\n3.	Оформите отчет по лабораторной работе № 3.\r\n', 'Предположим, что ячейки памяти с адресами от 00 до 09 содержат следующие битовые комбинации... ', 'document/section/section_1/3/htm/laboratory_work_3.htm', 'read_document.php', 'document/section/section_1/3/doc/laboratory/Лабораторная работа№3.doc', '3', 'read_document.php?section=1&page=3&laboratory=3', '1', '', '3', '', ''),
(22, 'Лабораторная работа № 4', 'Тема: "Создание программ на машинном языке в системе команд учебной вычислительной машины. Размещение кода программы и операндов в ОП."', 'Цель работы:<br>\r\nИзучение системы команд процессора гипотетической ЭВМ.\r\n', 'Порядок работы:<br>\r\n1.	Повторите теоретический материал из лабораторных работ №1, №2 и №3.<br>\r\n2.	Выполните приведенные ниже задания.<br>\r\n3.	Оформите отчет по практической работе № 1.', 'Предположим, что в памяти гипотетической машины в ячейках с адресами от A4h до B1h содержатся битовые ко... ', 'document/section/section_1/4/htm/laboratory_work_4.htm', 'read_document.php', 'document/section/section_1/4/doc/laboratory/Лабораторная работа№4.doc', '4', 'read_document.php?section=1&page=4&laboratory=4', '1', '', '4', '', '');

-- --------------------------------------------------------

--
-- Структура таблицы `read_result_users_test`
--

CREATE TABLE IF NOT EXISTS `read_result_users_test` (
  `id` int(11) NOT NULL AUTO_INCREMENT,
  `number_test` varchar(999) NOT NULL,
  `fio_users` varchar(999) NOT NULL,
  `queryes` varchar(999) NOT NULL,
  `correct` varchar(999) NOT NULL,
  `not_correct` varchar(999) NOT NULL,
  `time` varchar(999) NOT NULL,
  `value` varchar(999) NOT NULL,
  PRIMARY KEY (`id`)
) ENGINE=InnoDB  DEFAULT CHARSET=utf8 AUTO_INCREMENT=69 ;

--
-- Дамп данных таблицы `read_result_users_test`
--

INSERT INTO `read_result_users_test` (`id`, `number_test`, `fio_users`, `queryes`, `correct`, `not_correct`, `time`, `value`) VALUES
(1, '1', 'Ковалевич Артём Юрьевич', '20', '15', '5', '15:1', '7'),
(53, '1', 'Ковалевич Артём Юрьевич', '21', '9', '12', '30:18', '6');

-- --------------------------------------------------------

--
-- Структура таблицы `read_tests`
--

CREATE TABLE IF NOT EXISTS `read_tests` (
  `id` int(11) NOT NULL AUTO_INCREMENT,
  `test_number` varchar(999) NOT NULL,
  `test_image` varchar(999) NOT NULL,
  `test_text` varchar(999) NOT NULL,
  `circs_test` varchar(999) NOT NULL,
  `href_test` varchar(999) NOT NULL,
  `passage_of_time_minutes` varchar(999) NOT NULL,
  `passage_of_time_hours` varchar(999) NOT NULL,
  PRIMARY KEY (`id`)
) ENGINE=InnoDB  DEFAULT CHARSET=utf8 AUTO_INCREMENT=14 ;

--
-- Дамп данных таблицы `read_tests`
--

INSERT INTO `read_tests` (`id`, `test_number`, `test_image`, `test_text`, `circs_test`, `href_test`, `passage_of_time_minutes`, `passage_of_time_hours`) VALUES
(1, '1', '/Image/know.png', '-  Лабораторная работа №1;<br /><br />Тема: НАЗНАЧЕНИЕ МП. ОСНОВНОЙ ЦИКЛ РАБОТЫ МП ФОН-НЕЙМАНОВСКОЙ АРХИТЕКТУРЫ.', '21', 'know_page.php?test=1&task=1', '20', '0'),
(2, '2', '/Image/know_2.png', '-  Лабораторная работа №2;<br /><br />\nТема: «РЕЖИМЫ АДРЕСАЦИИ ОПЕРАНДОВ МП ФОН-НЕЙМАНОВСКОЙ АРХИТЕКТУРЫ»', '15', 'know_page.php?test=2&task=1', '15', '0'),
(3, '3', '/Image/know_3.png', '-  Лабораторная работа №3;<br /><br />\nТема: «СТРУКТУРА УЧЕБНОЙ ЭВМ. СОСТОЯНИЯ И РЕЖИМЫ РАБОТЫ УЧЕБНОЙ ЭВМ. ИНТЕРФЕЙС ПОЛЬЗОВАТЕЛЯ.»<br ><br >-  Практическая работа №1;<br /><br />Тема: «СОСТАВЛЕНИЕ И ТРАССИРОВКА ЛИНЕЙНЫХ ПРОГРАММ НА УЧЕБНОЙ ЭВМ «УК НЕЙМАН».<br ><br >-  Практическая работа №2;<br /><br />Тема: «РАЗРАБОТКА ПРОГРАММ РАЗВЕТВЛЯЮЩЕЙСЯ И ЦИКЛИЧЕСКОЙ СТРУКТУРЫ ДЛЯ УК НЕЙМАН».', '11', 'know_page.php?test=3&task=1', '15', '0'),
(4, '4', '/Image/know_4.png', '-  Лабораторная работа №4;<br /><br />\nТема: «ИЗУЧЕНИЕ МЕХАНИЗМА ОПРЕДЕЛЕНИЯ ФИЗИЧЕСКОГО АДРЕСА ПРИ СЕГМЕНТНОЙ АДРЕСАЦИИ ПАМЯТИ В РЕАЛЬНОМ РЕЖИМЕ РАБОТЫ ПРОЦЕССОРА»', '33', 'know_page.php?test=4&task=1', '30', '0'),
(5, '5', '/Image/know_5.png', '-  Практическая работа №3;<br /><br />\nТема: «РЕГИСТР ФЛАГОВ. УСТАНОВКА И СБРОС ФЛАГОВ СОСТОЯНИЯ И УПРАВЛЕНИЯ СОСТОЯНИЕМ ПРОЦЕССОРА».', '17', 'know_page.php?test=5&task=1', '20', '0'),
(6, '6', '/Image/know_6.png', '-  Лабораторная работа №5;<br /><br />\nТема: «СОСТАВЛЕНИЕ УПРОЩЕННОЙ СХЕМЫ ВЫПОЛНЕНИЯ ПРОЦЕССОРОМ I8086 МАШИННЫХ КОМАНД ПРОГРАММЫ».', '19', 'know_page.php?test=6&task=1', '20', '0'),
(7, '7', '/Image/know_7.png', '-  Практическая работа №4;<br /><br />\nТема: «ИЗУЧЕНИЕ ОСОБЕННОСТЕЙ ВЫПОЛНЕНИЯ КОМАНДЫ ПЕРЕСЫЛКИ КОДОВ (MOV), ОСОБЕННОСТЕЙ ВЫПОЛНЕНИЯ КОМАНДЫ СРАВНЕНИЯ КОДОВ (CMP) И ЕЕ ВЛИЯНИЯ НА ФЛАГИ СОСТОЯНИЯ РЕГИСТРА ФЛАГОВ».', '15', 'know_page.php?test=7&task=1', '15', '0'),
(8, '8', '/Image/know_8.png', '-  Практическая работа №5;<br /><br />\nТема: «РАЗРАБОТКА ПРОГРАММ ЛИНЕЙНОЙ СТРУКТУРЫ С ИСПОЛЬЗОВАНИЕМ АРИФМЕТИЧЕСКИХ КОМАНД CPU I8086».', '23', 'know_page.php?test=8&task=1', '20', '0'),
(9, '9', '/Image/know_9.png', '-  Практическая работа №6;<br /><br />\nТема: «РАЗРАБОТКА ПРОГРАММ ЛИНЕЙНОЙ СТРУКТУРЫ С ИСПОЛЬЗОВАНИЕМ ЛОГИЧЕСКИХ КОМАНД И КОМАНД, ОСУЩЕСТВЛЯЮЩИХ АРИФМЕТИЧЕСКИЕ, ЛОГИЧЕСКИЕ И ЦИКЛИЧЕСКИЕ СДВИГИ».', '34', 'know_page.php?test=9&task=1', '30', '0'),
(10, '10', '/Image/know_10.png', '-  Практическая работа №7;<br /><br />\nТема: «РАЗРАБОТКА ПРОГРАММ РАЗВЕТВЛЯЮЩЕЙСЯ СТРУКТУРЫ С ИСПОЛЬЗОВАНИЕМ КОМАНД УСЛОВНЫХ И БЕЗУСЛОВНЫХ ПЕРЕХОДОВ. ВЫЧИСЛЕНИЕ ВЕЛИЧИНЫ СМЕЩЕНИЯ ПРИ ВЫПОЛНЕНИИ ПРЯМЫХ ОТНОСИТЕЛЬНЫХ ПЕРЕХОДОВ».', '26', 'know_page.php?test=10&task=1', '20', '0'),
(11, '11', '/Image/know_11.png', '-  Практическая работа №8;<br /><br />\nТема: «РАЗРАБОТКА ПРОГРАММ ЦИКЛИЧЕСКОЙ СТРУКТУРЫ C ИСПОЛЬЗОВАНИЕМ ОДНОМЕРНЫХ И ДВУМЕРНЫХ МАССИВОВ».', '6', 'know_page.php?test=11&task=1', '10', '0'),
(12, '12', '/Image/know_12.png', '-  Лабораторная работа №6;<br /><br />\nТема: «МЕТОДЫ СОРТИРОВКИ МАССИВОВ И ИХ ИСПОЛЬЗОВАНИЕ В ПРОГРАММАХ НА ЯЗЫКЕ АССЕМБЛЕРА».', '7', 'know_page.php?test=12&task=1', '10', '0'),
(13, '13', '/Image/know_13.png', '-  Лабораторная работа №7;<br /><br />\nТема: «РАЗРАБОТКА ПРОГРАММЫ, ОСУЩЕСТВЛЯЮЩЕЙ БИНАРНЫЙ ПОИСК ЭЛЕМЕНТА В  МАССИВЕ».<br><br>-  Практическая работа №9;<br /><br />\nТема: «РАЗРАБОТКА ПРОГРАММ С ИСПОЛЬЗОВАНИЕМ КОМАНД СТРОКОВЫХ ПРИМИТИВОВ».', '17', 'know_page.php?test=13&task=1', '15', '0');

-- --------------------------------------------------------

--
-- Структура таблицы `search`
--

CREATE TABLE IF NOT EXISTS `search` (
  `id` int(11) NOT NULL AUTO_INCREMENT,
  `sections` varchar(999) NOT NULL,
  `subsections` varchar(999) NOT NULL,
  `word` varchar(3000) NOT NULL,
  `href_subsections` varchar(999) NOT NULL,
  PRIMARY KEY (`id`)
) ENGINE=InnoDB  DEFAULT CHARSET=utf8 AUTO_INCREMENT=30 ;

--
-- Дамп данных таблицы `search`
--

INSERT INTO `search` (`id`, `sections`, `subsections`, `word`, `href_subsections`) VALUES
(1, '1', 'Лабораторная работа № 1', 'Лабораторная работа № 1, Архитектура, гипотетического, компьютера, 16, регистров, общего, назначения, 0F, Разрядность, каждого, регистра, равна, одному, байту, 0000b, 1111b, память, состоит, 256, ячеек, 00h, FFh, Мантисса, порядок, Структура, команд, двум, байтам, КОП, поле, R, S, T, X, Y,', 'read_document.php?section=1&page=1&laboratory=1'),
(2, '1', 'Лабораторная работа № 2', 'Лабораторная работа № 2, копирования, декодируется, счетчик, адреса, регистр, команд, Регистр, машинным, циклом, выборки, декодирования, выполнения, сигналом, синхронизации, тактовая, Программа, данные, A0h, A1h, регистр, команд, счетчике, адреса,', 'read_document.php?section=1&page=2&laboratory=2'),
(21, '1', 'Лабораторная работа № 3', 'Лабораторная работа № 3, ', 'read_document.php?section=1&page=3&laboratory=3'),
(22, '1', 'Лабораторная работа № 4', 'Лабораторная работа № 4, счетчик адреса, A4h, напишите небольшую программу, ', 'read_document.php?section=1&page=4&laboratory=4'),
(23, '2', 'Лабораторная работа № 1', 'Лабораторная работа № 1, Теоретические сведения и пример, иллюстрирующий работу микроЭВМ, 5 основных блоков цифровой машины, Микропроцессор, шины управления, адресная шина, шине данных, Основные характеристики микропроцессора, тактовой частотой, разрядностью, Разрядность МП, архитектурой, Микроархитектура микропроцессора, Макроархитектура, архитектурой ЭВМ, аккумулятор, регистр команд, микропроцессор - это, выборки-декодирования- исполнения, центральным блоком ЭВМ является микропроцессор, АЛУ, УУ, регистров, Работа микропроцессора представляет последовательную реализацию микропроцедур выборки-дешифрации-исполнения, микропроцессор выполняет следующие функции, Логическая структура микропроцессора, вентильных схем, микрокомандами, процесс выполнения программы в ЭВМ представляет собой последовательность командных циклов, Командный цикл, Командный цикл, машинного такта, Количество тактов, выборка команды, чтение памяти, запись в память, чтение стека, запись в стек, прерывание, Устройство управления, ', 'read_document.php?section=2&page=1&laboratory=1'),
(24, '2', 'Лабораторная работа № 2', 'Лабораторная работа № 2, Прямая адресация, Относительная адресация, Косвенная адресация, Непосредственная адресация, Стековая адресация, микрооперациями, микрокомандой, Ассоциативный поиск, Адресный поиск, Адресный код, Исполнительный адрес, СПОСОБ АДРЕСАЦИИИ, КЛАССИФИКАЦИЯ СПОСОБОВ АДРЕСАЦИИ, явной адресации, неявной адресации, КЛАССИФИКАЦИЯ ПО СПОСОБУ ФОРМИРОВАНИЯ ИСПОЛНИТЕЛЬНЫХ АДРЕСОВ ЯЧЕЕК ПАМЯТИ, Абсолютные способы формирования, Относительные способы формирования, КЛАССИФИКАЦИЯ СПОСОБОВ АДРЕСАЦИИ ПО КРАТНОСТИ ОБРАЩЕНИЯ В ПАМЯТЬ, Непосредственная адресация операнда, Прямая адресация операндов, Регистровая адресация, Косвенная адресация операндов, Регистровая косвенная адресация, Автоинкрементный метод адресации, Косвенный-автоинкрементный метод адресации, Автодекрементный метод адресации, Косвенный-автодекрементный метод адресации, Косвенная адресация со смещением, Базирование способом суммирования, Базирование способом совмещения составляющих, Индексная адресация, косвенная адресация со смещением, Относительный метод адресации, Стековая адресация, ', 'read_document.php?section=2&page=2&laboratory=2'),
(25, '2', 'Лабораторная работа № 4', 'Лабораторная работа № 4, CPU, RAM, i8086, сегментная адресация памяти, Сегмент, Сегмент – это, эффективный адрес, Параграфом, ', 'read_document.php?section=2&page=4&laboratory=4'),
(26, '2', 'Лабораторная работа № 5', 'Лабораторная работа № 5, Схема работы процессора при выполнении машинной команды, префиксом программного сегмента, PSP, Первый этап, втором этапе, префикса  замены сегмента, третьем этапе, Четвертый этап, шестом этапе, ', 'read_document.php?section=2&page=5&laboratory=5'),
(27, '2', 'Лабораторная работа № 6', 'Лабораторная работа № 6, Массив, сортировкой, внутренней, внешней сортировки, Сортировка прямым включением, Сортировка прямым выбором, Сортировка прямым обменом, метод пузырька, ', 'read_document.php?section=2&page=6&laboratory=6'),
(28, '2', 'Лабораторная работа № 7', 'Лабораторная работа № 7, сортировка массивов данных, ЛИНЕЙНЫЙ ПОИСК, Неупорядоченный поиск, ПОИСК В УПОРЯДОЧЕННОЙ ПОСЛЕДОВАТЕЛЬНОСТИ, ', 'read_document.php?section=2&page=7&laboratory=7'),
(29, '2', 'Лабораторная работа № 3', 'Лабораторная работа № 3, ', 'read_document.php?section=2&page=3&laboratory=3');

-- --------------------------------------------------------

--
-- Структура таблицы `sections`
--

CREATE TABLE IF NOT EXISTS `sections` (
  `id` int(11) NOT NULL AUTO_INCREMENT,
  `name` varchar(1000) NOT NULL,
  `href_sections` varchar(999) NOT NULL,
  `sections` varchar(999) NOT NULL,
  PRIMARY KEY (`id`)
) ENGINE=InnoDB  DEFAULT CHARSET=utf8 AUTO_INCREMENT=8 ;

--
-- Дамп данных таблицы `sections`
--

INSERT INTO `sections` (`id`, `name`, `href_sections`, `sections`) VALUES
(1, 'Гипотетическая машина', 'active_tema_page_1.php?section=', '1'),
(2, 'Методическое обеспечение ЛПР', 'active_tema_page_1.php?section=', '2'),
(4, 'Тесты(Тест_1)', 'active_tema_page_1.php?section=', '3');

-- --------------------------------------------------------

--
-- Структура таблицы `subsictions`
--

CREATE TABLE IF NOT EXISTS `subsictions` (
  `id` int(11) NOT NULL AUTO_INCREMENT,
  `sictions` varchar(999) NOT NULL,
  `subsections` varchar(999) CHARACTER SET utf8mb4 NOT NULL,
  `href_subsections` varchar(999) NOT NULL,
  PRIMARY KEY (`id`)
) ENGINE=InnoDB  DEFAULT CHARSET=utf8 AUTO_INCREMENT=32 ;

--
-- Дамп данных таблицы `subsictions`
--

INSERT INTO `subsictions` (`id`, `sictions`, `subsections`, `href_subsections`) VALUES
(1, '1', 'Лабораторная работа №1', 'read_document.php?section=1&page=1&laboratory=1'),
(2, '1', 'Лабораторная работа №2', 'read_document.php?section=1&page=2&laboratory=2'),
(3, '1', 'Лабораторная работа №3', 'read_document.php?section=1&page=3&laboratory=3'),
(4, '1', 'Лабораторная работа №4', 'read_document.php?section=1&page=4&laboratory=4'),
(5, '2', 'Лабораторная работа №1', 'read_document.php?section=2&page=1&laboratory=1'),
(6, '2', 'Лабораторная работа №2', 'read_document.php?section=2&page=2&laboratory=2'),
(7, '2', 'Лабораторная работа №3', 'read_document.php?section=2&page=3&laboratory=3'),
(8, '2', 'Лабораторная работа №4', 'read_document.php?section=2&page=4&laboratory=4'),
(9, '2', 'Лабораторная работа №5', 'read_document.php?section=2&page=5&laboratory=5'),
(10, '2', 'Лабораторная работа №6', 'read_document.php?section=2&page=6&laboratory=6'),
(11, '2', 'Лабораторная работа №7', 'read_document.php?section=2&page=7&laboratory=7'),
(12, '2', 'Практическая работа №1', 'read_document.php?section=2&page=1&practice=1'),
(13, '2', 'Практическая работа №2', 'read_document.php?section=2&page=2&practice=2'),
(14, '2', 'Практическая работа №3', 'read_document.php?section=2&page=3&practice=3'),
(15, '2', 'Практическая работа №4', 'read_document.php?section=2&page=4&practice=4'),
(16, '2', 'Практическая работа №5', 'read_document.php?section=2&page=5&practice=5'),
(17, '2', 'Практическая работа №6', 'read_document.php?section=2&page=6&practice=6'),
(18, '2', 'Практическая работа №7', 'read_document.php?section=2&page=7&practice=7'),
(19, '2', 'Практическая работа №8', 'read_document.php?section=2&page=8&practice=8'),
(20, '2', 'Практическая работа №9', 'read_document.php?section=2&page=9&practice=9'),
(30, '3', 'Лабораторная работа №2', '3'),
(31, '3', 'Лабораторная работа №2', '3');

-- --------------------------------------------------------

--
-- Структура таблицы `test_options`
--

CREATE TABLE IF NOT EXISTS `test_options` (
  `id` int(11) NOT NULL AUTO_INCREMENT,
  `number_test` varchar(999) NOT NULL,
  `number_task` varchar(999) NOT NULL,
  `response_options` varchar(999) NOT NULL,
  `number_options` varchar(999) NOT NULL,
  PRIMARY KEY (`id`)
) ENGINE=InnoDB  DEFAULT CHARSET=utf8 AUTO_INCREMENT=840 ;

--
-- Дамп данных таблицы `test_options`
--

INSERT INTO `test_options` (`id`, `number_test`, `number_task`, `response_options`, `number_options`) VALUES
(1, '1', '1', 'Машинный такт состоит из нескольких машинных циклов, в течение каждого из которых выполняется элементарное действие в микропроцессоре.', '1'),
(2, '1', '1', 'Машинный цикл состоит из нескольких машинных тактов, в течение каждого из которых выполняется элементарное действие в микропроцессоре.', '2'),
(3, '1', '1', 'Машинный цикл  - это последовательность микроопераций.', '3'),
(4, '1', '1', 'Машинный цикл состоит из нескольких командных циклов, в течение каждого из которых выполняется элементарное действие в микропроцессоре.', '4'),
(5, '1', '1', 'Одно обращение процессора к памяти или к внешнему устройству, называется командой.', '5'),
(6, '1', '2', 'Выборка команды', '1'),
(7, '1', '2', 'Чтение памяти', '2'),
(8, '1', '2', 'Запись в стек', '3'),
(9, '1', '2', 'Ввод данных из внешнего устройства', '4'),
(10, '1', '2', 'Останов', '5'),
(11, '1', '2', 'Сложение операндов', '6'),
(12, '1', '3', 'машинным циклом', '1'),
(13, '1', '3', 'машинным тактом', '2'),
(14, '1', '3', 'циклом команды', '3'),
(15, '1', '4', 'декодирование операнда', '1'),
(16, '1', '4', 'декодирование команды', '2'),
(17, '1', '4', 'выборка операнда из памяти', '3'),
(18, '1', '4', 'выборка команды из памяти', '4'),
(19, '1', '4', 'выполнение команды', '5'),
(20, '1', '4', 'запись результата', '6'),
(21, '1', '5', 'запись результата', '0'),
(22, '1', '5', 'выборка операндов из памяти', '0'),
(23, '1', '5', 'выборка операндов из памяти', '0'),
(24, '1', '5', 'выборка операндов из памяти', '0'),
(25, '1', '5', 'выполнение команды', '0'),
(26, '1', '7', 'машинный цикл', '1'),
(27, '1', '7', 'машинный такт', '2'),
(28, '1', '7', 'командный цикл', '3'),
(29, '1', '7', 'программный цикл', '4'),
(30, '1', '8', 'десятичных', '1'),
(31, '1', '8', 'двоичных', '2'),
(32, '1', '8', 'шестнадцатеричных', '3'),
(33, '1', '8', 'восьмеричных', '4'),
(34, '1', '8', 'троичных', '5'),
(35, '1', '9', 'память вычислительной машины имеет неограниченное количество ячеек', '0'),
(36, '1', '9', 'устройство управления отвечает за автоматическое выполнение программы', '0'),
(37, '1', '10', 'на диске', '1'),
(38, '1', '10', 'в устройствах ввода', '2'),
(39, '1', '10', 'в ячейках основной памяти', '3'),
(40, '1', '10', 'в регистрах', '4'),
(41, '1', '10', 'в кэш-памяти', '5'),
(42, '1', '11', 'матрицу ячеек', '1'),
(43, '1', '11', 'линейку адресов', '2'),
(44, '1', '11', 'совокупность блоков памяти', '3'),
(45, '1', '11', 'страницы', '4'),
(46, '1', '11', 'фрэймы', '5'),
(47, '1', '12', 'секторам', '1'),
(48, '1', '12', 'секторам', '2'),
(49, '1', '12', 'адресам', '3'),
(50, '1', '12', 'блокам', '4'),
(51, '1', '12', 'страницам', '5'),
(52, '1', '13', 'адрес команды - это ее номер в программе', '0'),
(53, '1', '13', 'команды программы размещаются в памяти вычислительной машины в произвольном порядке', '0'),
(54, '1', '14', 'в ЭВМ с архитектурой фон-Неймана\nкоманды и данные хранятся в общей памяти', '0'),
(55, '1', '14', 'принцип последовательной передачи управления базируется на регистре команд', '0'),
(56, '1', '15', 'трехадресные', '1'),
(57, '1', '15', 'двухадресные', '2'),
(58, '1', '15', 'одноадресные', '3'),
(59, '1', '15', 'пятиадресные', '4'),
(60, '1', '15', 'безадресные', '5'),
(61, '1', '15', 'четырехадресные', '6'),
(62, '1', '15', 'многоадресные', '7'),
(63, '1', '17', 'микропроцессор', '1'),
(64, '1', '17', 'кэш-память', '2'),
(65, '1', '17', 'арифметико-логическое устройство', '3'),
(66, '1', '17', 'устройство управления', '4'),
(67, '1', '17', 'устройства ввода-вывода', '5'),
(68, '1', '18', 'обязательное наличие кэш-памяти в компьютере', '1'),
(69, '1', '18', 'общую память для размещения команд и данных программы', '2'),
(70, '1', '18', 'хранение команд и данных программы в отдельных файлах', '3'),
(71, '1', '18', 'раздельную память для размещения команд и данных программы', '4'),
(72, '1', '18', 'хранение команд и данных программы в одном файле', '5'),
(73, '1', '19', 'обязательное наличие кэш-памяти в компьютере', '1'),
(74, '1', '19', 'общую память для размещения команд и данных программы', '2'),
(75, '1', '19', 'хранение команд и данных программы в отдельных файлах', '3'),
(76, '1', '19', 'раздельную память для размещения команд и данных программы', '4'),
(77, '1', '19', 'наличие ПЗУ', '5'),
(78, '1', '20', 'обязательное наличие кэш-памяти в компьютере', '1'),
(79, '1', '20', 'общую память для размещения команд и данных программы', '2'),
(80, '1', '20', 'общую память для размещения команд и данных программы', '3'),
(81, '1', '20', 'раздельную память для размещения команд и данных программы', '4'),
(82, '1', '20', 'наличие ПЗУ', '5'),
(83, '1', '21', 'Принстонская архитектура компьютера предполагает размещение команд и данных в общей памяти ', '0'),
(84, '1', '21', '"Адресное пространство" и "Оперативная память" - равнозначные понятия', '0'),
(85, '1', '21', 'Программа перед выполнением должна быть размещена в регистрах процессора', '0'),
(86, '2', '1', 'базовый', '1'),
(87, '2', '1', 'индексный', '2'),
(88, '2', '1', 'непосредственный', '3'),
(89, '2', '1', 'прямой абсолютный', '4'),
(90, '2', '1', 'прямой абсолютный', '5'),
(91, '2', '2', 'базовый', '1'),
(92, '2', '2', 'регистровый косвенный', '2'),
(93, '2', '2', 'непосредственный', '3'),
(94, '2', '2', 'прямой абсолютный', '4'),
(95, '2', '2', 'базово-индексный', '5'),
(96, '2', '3', 'базовый', '1'),
(97, '2', '3', 'индексный', '2'),
(98, '2', '3', 'базово-индексный', '3'),
(99, '2', '3', 'базово-индексный со смещением', '4'),
(100, '2', '3', 'прямой абсолютный', '5'),
(101, '2', '4', 'базовый', '1'),
(102, '2', '4', 'индексный', '2'),
(103, '2', '4', 'базово-индексный', '3'),
(104, '2', '4', 'базово-индексный со смещением', '4'),
(105, '2', '4', 'прямой абсолютный\n', '5'),
(106, '2', '5', 'базовый', '1'),
(107, '2', '5', 'базовый', '2'),
(108, '2', '5', 'регистровый косвенный', '3'),
(109, '2', '5', 'базово-индексный', '4'),
(110, '2', '5', 'регистровый', '5'),
(111, '2', '5', 'непосредственный', '6'),
(112, '2', '5', 'базово-индексный со смещением', '7'),
(113, '2', '6', 'базовый', '1'),
(114, '2', '6', 'индексный', '2'),
(115, '2', '6', 'регистровый косвенный', '3'),
(116, '2', '6', 'базово-индексный', '4'),
(117, '2', '6', 'регистровый', '5'),
(118, '2', '6', 'непосредственный', '6'),
(119, '2', '6', 'базово-индексный со смещением', '7'),
(120, '2', '7', 'регистровый', '1'),
(121, '2', '7', 'базово-индексный', '2'),
(122, '2', '7', 'базово-индексный со смещением', '3'),
(123, '2', '7', 'непосредственный', '4'),
(124, '2', '7', 'базовый', '5'),
(125, '2', '7', 'индексный', '6'),
(126, '2', '8', '1) базово-индексный со смещением', '1'),
(127, '2', '8', '2)базово-индексный', '2'),
(128, '2', '8', '3) регистровый косвенный', '3'),
(129, '2', '8', '4) индексный', '4'),
(130, '2', '8', '5) регистровый', '5'),
(131, '2', '8', 'AND SI, DS:[SI]', '0'),
(132, '2', '8', 'ADD AH, CL', '0'),
(133, '2', '8', 'MOV DL, DS:[SI+44h]', '0'),
(134, '2', '8', 'XOR DH, DS:[BX+SI]', '0'),
(135, '2', '8', 'XOR DL,DS:[BX+DI+518h]', '0'),
(136, '2', '9', '1) базово-индексный со смещением', '1'),
(137, '2', '9', '2) базово-индексный', '2'),
(138, '2', '9', '3) регистровый косвенный', '3'),
(139, '2', '9', '4) базовый', '4'),
(140, '2', '9', '5) регистровый', '5'),
(141, '2', '9', 'XOR AL, DS:[BX]', '0'),
(142, '2', '9', 'ADD CX, AX', '0'),
(143, '2', '9', 'SUB BL, DS:[BX+44h]', '0'),
(144, '2', '9', 'MOV DH, SS:[BP+DI]', '0'),
(145, '2', '9', 'OR CL,DS:[BX+SI+16h]', '0'),
(146, '2', '10', 'индексный', '1'),
(147, '2', '10', 'базовый', '2'),
(148, '2', '10', 'прямой абсолютный', '3'),
(149, '2', '10', 'непосредственный', '4'),
(150, '2', '10', 'регистровый косвенный', '5'),
(151, '2', '10', 'базово-индексный', '6'),
(152, '2', '10', 'базово-индексный со смещением', '7'),
(153, '2', '11', 'индексный', '1'),
(154, '2', '11', 'базовый', '2'),
(155, '2', '11', 'прямой абсолютный', '3'),
(156, '2', '11', 'прямой абсолютный', '4'),
(157, '2', '11', 'регистровый косвенный', '5'),
(158, '2', '11', 'базово-индексный', '6'),
(159, '2', '11', 'базово-индексный со смещением', '7'),
(160, '2', '12', 'индексный', '1'),
(161, '2', '12', 'базовый', '2'),
(162, '2', '12', 'прямой абсолютный', '3'),
(163, '2', '12', 'непосредственный', '4'),
(164, '2', '12', 'регистровый косвенный', '5'),
(165, '2', '12', 'базово-индексный', '6'),
(166, '2', '12', 'базово-индексный со смещением', '7'),
(167, '2', '13', 'индексный', '1'),
(168, '2', '13', 'базовый', '2'),
(169, '2', '13', 'прямой абсолютный', '3'),
(170, '2', '13', 'прямой абсолютный', '4'),
(171, '2', '13', 'регистровый косвенный', '5'),
(172, '2', '13', 'регистровый косвенный', '6'),
(173, '2', '13', 'регистровый', '7'),
(174, '2', '14', 'индексный', '1'),
(175, '2', '14', 'базовый', '2'),
(176, '2', '14', 'прямой абсолютный', '3'),
(177, '2', '14', 'непосредственный', '4'),
(178, '2', '14', 'регистровый косвенный', '5'),
(179, '2', '14', 'базово-индексный', '6'),
(180, '2', '14', 'базово-индексный со смещением', '7'),
(181, '2', '15', 'индексный', '1'),
(182, '2', '15', 'базовый', '2'),
(183, '2', '15', 'прямой абсолютный', '3'),
(184, '2', '15', 'непосредственный', '4'),
(185, '2', '15', 'регистровый косвенный', '5'),
(186, '2', '15', 'базово-индексный', '6'),
(187, '2', '15', 'базово-индексный со смещением', '7'),
(188, '3', '1', 'АЛУ входит в состав устройства управления', '0'),
(189, '3', '1', 'Шина данных является двунаправленной', '0'),
(190, '3', '3', 'аккумулятор', '1'),
(191, '3', '3', 'счетчик команд', '2'),
(192, '3', '3', 'указатель вершины стека', '3'),
(193, '3', '3', 'флагов', '4'),
(194, '3', '3', 'регистр общего назначения', '5'),
(195, '3', '4', 'адреса', '1'),
(196, '3', '4', 'копирования', '2'),
(197, '3', '4', 'данных', '3'),
(198, '3', '4', 'пересылки', '4'),
(199, '3', '5', 'Простейшие операции выполняются в оперативной памяти', '0'),
(200, '3', '5', 'Набор команд микропроцессора неограничен', '0'),
(201, '3', '6', 'считывания', '1'),
(202, '3', '6', 'записи', '2'),
(203, '3', '7', 'для записи и чтения информации', '1'),
(204, '3', '7', 'только для чтения', '2'),
(205, '3', '7', 'только для записи', '3'),
(206, '4', '1', 'двойное слово', '1'),
(207, '4', '1', 'слово', '2'),
(208, '4', '1', 'параграф', '3'),
(209, '4', '1', 'стековый фрейм', '4'),
(210, '4', '1', 'байт', '5'),
(211, '4', '2', '00', '1'),
(212, '4', '2', '01', '2'),
(213, '4', '2', '10', '3'),
(214, '4', '2', '11', '4'),
(215, '4', '2', '000', '5'),
(216, '4', '2', '001', '6'),
(217, '4', '2', '010', '7'),
(218, '4', '2', '010', '8'),
(219, '4', '3', 'поле для мнемонической записи операции', '1'),
(220, '4', '3', 'поле для записи кода операции', '2'),
(221, '4', '3', 'поле для записи непосредственного операнда', '3'),
(222, '4', '3', 'поле для записи расширения кода операции', '4'),
(223, '4', '3', 'поле для указания разрядности операндов', '5'),
(224, '4', '4', 'MOD', '1'),
(225, '4', '4', 'OPC', '2'),
(226, '4', '4', 'IMM', '3'),
(227, '4', '4', 'DISP', '4'),
(228, '4', '4', 'REG', '5'),
(229, '4', '6', 'reg/opc', '1'),
(230, '4', '6', 'opc', '2'),
(231, '4', '6', 'imm', '3'),
(232, '4', '6', 'reg/mem', '4'),
(233, '4', '6', 'mod', '5'),
(234, '4', '6', 'd', '6'),
(235, '4', '6', 'w', '7'),
(236, '4', '8', 'блок физической памяти', '1'),
(237, '4', '8', 'специальный файл', '2'),
(238, '4', '8', 'логический участок памяти', '3'),
(239, '4', '8', 'постоянная память', '4'),
(240, '4', '8', 'место для хранения информации на  жестком диске', '5'),
(241, '4', '9', 'стека', '1'),
(242, '4', '9', 'кода', '2'),
(243, '4', '9', 'данных', '3'),
(244, '4', '9', 'дополнительных данных', '4'),
(245, '4', '9', 'это не является участком памяти', '5'),
(246, '4', '10', 'Да', '1'),
(247, '4', '10', 'Нет', '2'),
(248, '4', '11', 'сегмент стека', '1'),
(249, '4', '11', 'команды программы', '2'),
(250, '4', '11', 'жесткий диск', '3'),
(251, '4', '11', 'регистры общего назначения', '4'),
(252, '4', '11', 'сегмент данных', '5'),
(253, '4', '11', 'шина данных', '6'),
(254, '4', '16', 'AX, BX, CX, DX', '1'),
(255, '4', '16', 'CS, DS, ES, SS', '2'),
(256, '4', '16', 'SI, DI', '3'),
(257, '4', '16', 'SI, DI', '4'),
(258, '4', '16', 'BX, BP, SI, DI', '5'),
(259, '4', '19', 'IP', '1'),
(260, '4', '19', 'CS', '2'),
(261, '4', '19', 'AX', '3'),
(262, '4', '19', 'DS', '4'),
(263, '4', '19', 'BX', '5'),
(264, '4', '20', '30D80h', '1'),
(265, '4', '20', '30BB4h', '2'),
(266, '4', '20', '30ED0h', '3'),
(267, '4', '20', '34F8h', '4'),
(268, '4', '20', '30ECh', '5'),
(269, '4', '21', '30D80h', '1'),
(270, '4', '21', '30BB4h', '2'),
(271, '4', '21', '30ED0h', '3'),
(272, '4', '21', '34F8h', '4'),
(273, '4', '21', '31С8h', '5'),
(274, '4', '22', '30D80h', '1'),
(275, '4', '22', '30D80h', '2'),
(276, '4', '22', '30ED0h', '3'),
(277, '4', '22', '30B9h', '4'),
(278, '4', '22', '31С8h', '5'),
(279, '4', '23', '30D80h', '1'),
(280, '4', '23', '30B9Fh', '2'),
(281, '4', '23', '30ED0h', '3'),
(282, '4', '23', '30B9h', '4'),
(283, '4', '23', '31С8h', '5'),
(284, '5', '2', '0', '1'),
(285, '5', '2', '1', '2'),
(286, '5', '3', '0', '1'),
(287, '5', '3', '1', '2'),
(288, '5', '4', '0', '1'),
(289, '5', '4', '1', '2'),
(290, '5', '5', '0', '1'),
(291, '5', '5', '1', '2'),
(292, '5', '6', 'CF', '1'),
(293, '5', '6', 'CF', '2'),
(294, '5', '6', 'OF', '3'),
(295, '5', '6', 'ZF', '4'),
(296, '5', '6', 'SF', '5'),
(297, '5', '7', '0', '1'),
(298, '5', '7', '1', '2'),
(299, '5', '8', '1', '1'),
(300, '5', '8', '0', '2'),
(301, '5', '9', '0', '1'),
(302, '5', '9', '1', '2'),
(303, '5', '10', '1) PF', '1'),
(304, '5', '10', '2) DF', '2'),
(305, '5', '10', '3) TF', '3'),
(306, '5', '10', '4) AF', '4'),
(307, '5', '10', '5) OF', '5'),
(308, '5', '10', 'флаг направления', '0'),
(309, '5', '10', 'флаг направления', '0'),
(310, '5', '10', 'флаг знакового переполнения', '0'),
(311, '5', '10', 'флаг трассировки', '0'),
(312, '5', '10', 'флаг четности', '0'),
(313, '5', '14', '0', '1'),
(314, '5', '14', '1', '2'),
(315, '5', '15', '0', '1'),
(316, '5', '15', '1', '2'),
(317, '5', '16', '0', '1'),
(318, '5', '16', '1', '2'),
(319, '5', '17', '0', '1'),
(320, '5', '17', '1', '2'),
(321, '6', '1', 'В ячейках сегмента данных', '1'),
(322, '6', '1', 'В ячейках сегмента стека', '2'),
(323, '6', '1', 'В ячейках сегмента стека', '3'),
(324, '6', '1', 'В поле IMM команды', '4'),
(325, '6', '1', 'В ячейках сегмента кодов', '5'),
(326, '6', '5', 'вычисления исполнительного адреса операнда', '1'),
(327, '6', '5', 'выполнения арифметических операций', '2'),
(328, '6', '5', 'выполнения арифметических и логических операций', '3'),
(329, '6', '5', 'выполнения логических операций', '4'),
(330, '6', '5', 'декодирования команд программы', '5'),
(331, '6', '6', 'RAM', '1'),
(332, '6', '6', 'ОЗУ', '2'),
(333, '6', '6', 'ПЗУ', '3'),
(334, '6', '6', 'микропроцессор', '4'),
(335, '6', '6', 'ROM', '5'),
(336, '6', '6', 'системная шина', '6'),
(337, '6', '6', 'материнская плата', '7'),
(338, '6', '7', 'АЛУ отвечает за декодирование команд', '0'),
(339, '6', '7', 'Тактовая частота процессора определяет скорость выполнения команд программы', '0'),
(340, '6', '7', 'Тактовая частота процессора определяет скорость выполнения команд программы', '0'),
(341, '6', '8', 'устройстве связи с внешней шиной', '1'),
(342, '6', '8', 'устройстве обработки', '2'),
(343, '6', '9', 'адреса команд', '1'),
(344, '6', '9', 'адреса данных', '2'),
(345, '6', '9', 'команды программы', '3'),
(346, '6', '9', 'команды программы', '4'),
(347, '6', '9', 'команды программы', '5'),
(348, '6', '11', 'Регистры общего назначения служат для хранения команд программы и их адресов', '0'),
(349, '6', '11', 'Регистр  IP хранит адрес текущей команды', '0'),
(350, '6', '11', 'SP, BP - это регистры указатели', '0'),
(351, '6', '12', 'Под архитектурой ЭВМ понимается абстрактное представление машины в терминах основных функциональных модулей', '0'),
(352, '6', '12', 'Программу выполнения команды называют микропрограммой, а команды, образующие микропрограммы - микрокомандами', '0'),
(353, '6', '12', 'Простейшая микрокоманда состоит из набора битов, каждый из которых управляет одной из вентильных схем операционного устройства', '0'),
(354, '6', '12', 'Действие, выполняемое под управлением каждого из  разрядов микрокоманды, называется микрооперацией.', '0'),
(355, '6', '12', 'Процесс выполнения команды сводится к определенной последовательности открывания и закрывания вентильных схем ', '0'),
(356, '6', '14', 'регистр обмена', '0'),
(357, '6', '14', 'АЛУ', '0'),
(358, '6', '14', 'блок микропрограммного управления', '0'),
(359, '6', '14', 'регистры очереди команд', '0'),
(360, '6', '14', 'устройство преобразователь адреса', '0'),
(361, '6', '19', '1) АХ', '1'),
(362, '6', '19', '2) IP', '2'),
(363, '6', '19', '3) BP', '3'),
(364, '6', '19', '4) DI', '4'),
(365, '6', '19', '5) DS', '5'),
(366, '6', '19', 'Регистр указатель базы', '0'),
(367, '6', '19', 'Регистр индекса премника', '0'),
(368, '6', '19', 'Регистр аккумулятор', '0'),
(369, '6', '19', 'Регистр счетчик команд', '0'),
(370, '6', '19', 'Регистр счетчик команд', '0'),
(371, '7', '1', 'В сегменте стека (SS)', '1'),
(372, '7', '1', 'В сегменте данных (DS)', '2'),
(373, '7', '1', 'В сегменте кодов (CS)', '3'),
(374, '7', '1', 'В сегменте дополнительных данных (ES)', '4'),
(375, '7', '1', 'Операнды не располагаются в сегментах', '5'),
(376, '7', '2', '2', '1'),
(377, '7', '2', '4', '2'),
(378, '7', '2', '3', '3'),
(379, '7', '2', '1', '4'),
(380, '7', '2', '5', '5'),
(381, '7', '4', 'MOV AX,20A9h', '1'),
(382, '7', '4', 'MOV DS,2000', '2'),
(383, '7', '4', 'MOV 107,AL', '3'),
(384, '7', '4', 'MOV BX,DL', '4'),
(385, '7', '4', 'MOV ES,AX', '5'),
(386, '7', '5', 'MOV CL,20A9h', '1'),
(387, '7', '5', 'MOV AX,DS', '2'),
(388, '7', '5', 'MOV BL,100', '3'),
(389, '7', '5', 'MOV DH, byte ptr [SI]', '4'),
(390, '7', '5', 'MOV ES,@data', '5'),
(391, '7', '6', 'MOV CX,@data', '1'),
(392, '7', '6', 'MOV SP,BP', '2'),
(393, '7', '6', 'MOV AL,256', '3'),
(394, '7', '6', 'MOV [BX],BX', '4'),
(395, '7', '6', 'MOV [BX+SI], 15', '5'),
(396, '7', '7', 'MOV DX,@data', '1'),
(397, '7', '7', 'MOV AX,SS', '2'),
(398, '7', '7', 'MOV CX,65536', '3'),
(399, '7', '7', 'MOV [BX],BH', '4'),
(400, '7', '7', 'MOV word ptr [BX+SI], 15', '5'),
(401, '7', '8', 'MOV @data,AX', '1'),
(402, '7', '8', 'MOV SS,DX', '2'),
(403, '7', '8', 'MOV CL,-128', '3'),
(404, '7', '8', 'MOV [DX],AX', '4'),
(405, '7', '8', 'MOV word ptr [BX+BP], 15', '5'),
(406, '7', '9', 'MOV AL,-130', '1'),
(407, '7', '9', 'MOV ES,DX', '2'),
(408, '7', '9', 'MOV [BX],[SI]', '3'),
(409, '7', '9', 'MOV SS:[BX],AX', '4'),
(410, '7', '9', 'MOV DX,-1', '5'),
(411, '7', '11', 'оба операнда - регистры', '1'),
(412, '7', '11', 'приемник - регистр, источник - память', '2'),
(413, '7', '11', 'приемник - память, источник - регистр', '3'),
(414, '7', '11', 'приемник - память, источник- память', '4'),
(415, '7', '12', '1) IP', '1'),
(416, '7', '12', '2) FLAGS', '2'),
(417, '7', '12', '3) SP', '3'),
(418, '7', '12', '4) CX', '4'),
(419, '7', '12', '5) ES', '5'),
(420, '7', '12', 'Регистр флагов', '0'),
(421, '7', '12', 'Регистр указатель вершины стека', '0'),
(422, '7', '12', 'Регистр указатель вершины стека', '0'),
(423, '7', '12', 'Регистр счетчик', '0'),
(424, '7', '12', 'Регистр счетчик', '0'),
(425, '7', '13', '8887230Ah', '1'),
(426, '7', '13', '88BF023Ah', '2'),
(427, '7', '13', '88873A02h', '3'),
(428, '7', '13', '8887023Ah', '4'),
(429, '7', '13', '88BF3A02h', '5'),
(430, '7', '14', '8A8C0C00h', '1'),
(431, '7', '14', '8A4COCh', '2'),
(432, '7', '14', '8B4C0Ch', '3'),
(433, '7', '14', '8A4C12h', '4'),
(434, '7', '14', '884C12h', '5'),
(435, '8', '1', 'INC', '1'),
(436, '8', '1', 'MOV', '2'),
(437, '8', '1', 'ADC', '3'),
(438, '8', '1', 'MUL', '4'),
(439, '8', '1', 'NEG', '5'),
(440, '8', '1', 'SUB', '6'),
(441, '8', '2', 'размещение обоих операндов в ячейках памяти', '1'),
(442, '8', '2', 'размещение обоих операндов в ячейках памяти', '2'),
(443, '8', '2', 'размещение обоих операндов в ячейках памяти', '3'),
(444, '8', '2', 'размещение обоих операндов в ячейках памяти', '4'),
(445, '8', '2', 'базовые регистры', '5'),
(446, '8', '3', 'AX', '1'),
(447, '8', '3', 'DX', '2'),
(448, '8', '3', 'BX', '3'),
(449, '8', '3', 'AL', '4'),
(450, '8', '3', 'BL', '5'),
(451, '8', '3', 'DL', '6'),
(452, '8', '3', 'CX', '7'),
(453, '8', '4', 'AX', '1'),
(454, '8', '4', 'DX', '2'),
(455, '8', '4', 'BX', '3'),
(456, '8', '4', 'AL', '4'),
(457, '8', '4', 'BL', '5'),
(458, '8', '4', 'DL', '6'),
(459, '8', '4', 'CX', '7'),
(460, '8', '5', 'AX', '1'),
(461, '8', '5', 'DX', '2'),
(462, '8', '5', 'BX', '3'),
(463, '8', '5', 'AL', '4'),
(464, '8', '5', 'BL', '5'),
(465, '8', '5', 'DL', '6'),
(466, '8', '5', 'CX', '7'),
(467, '8', '6', 'AX', '1'),
(468, '8', '6', 'DX', '2'),
(469, '8', '6', 'BX', '3'),
(470, '8', '6', 'AL', '4'),
(471, '8', '6', 'BL', '5'),
(472, '8', '6', 'DL', '6'),
(473, '8', '6', 'CX', '7'),
(474, '8', '7', '2', '1'),
(475, '8', '7', '4', '2'),
(476, '8', '7', '3', '3'),
(477, '8', '7', '1', '4'),
(478, '8', '7', '5', '5'),
(479, '8', '8', '2', '1'),
(480, '8', '8', '4', '2'),
(481, '8', '8', '3', '3'),
(482, '8', '8', '1', '4'),
(483, '8', '8', '5', '5'),
(484, '8', '9', '-223', '1'),
(485, '8', '9', '-33', '2'),
(486, '8', '9', '33', '3'),
(487, '8', '9', '223', '4'),
(488, '8', '9', '-21', '5'),
(489, '8', '14', '100,0,15,9,10', '1'),
(490, '8', '14', '100,0,90,9,10', '2'),
(491, '8', '14', '80,0,15,9,10', '3'),
(492, '8', '14', '100,90,15,9,10', '4'),
(493, '8', '14', '100,80,15,9,10', '5'),
(494, '8', '15', 'оба операнда - регистры (8 бит)', '1'),
(495, '8', '15', 'приемник - регистр (8 бит), источник - память', '2'),
(496, '8', '15', 'приемник - память, источник - регистр (8 бит)', '3'),
(497, '8', '15', 'приемник - память, источник- регистр (16 бит)', '4'),
(498, '8', '15', 'оба операнда регистры (16 бит)', '5'),
(499, '8', '16', '0', '1'),
(500, '8', '16', '1', '2'),
(501, '8', '19', '1) IP', '1'),
(502, '8', '19', '2) DS', '2'),
(503, '8', '19', '3) SP', '3'),
(504, '8', '19', '4) CX', '4'),
(505, '8', '19', '5) регистр команд', '5'),
(506, '8', '19', 'хранит код выполняемой команды', '0'),
(507, '8', '19', 'хранит адрес вершины стека', '0'),
(508, '8', '19', 'хранит смещение в сегменте кодов', '0'),
(509, '8', '19', 'хранит количество проходов цикла', '0'),
(510, '8', '19', 'хранит базовый адрес сегмента данных', '0'),
(511, '8', '20', '0000h', '1'),
(512, '8', '20', '0007h', '2'),
(513, '8', '20', '0107h', '3'),
(514, '8', '20', '0038h', '4'),
(515, '8', '20', '0701h', '5'),
(516, '8', '21', '29C2h', '1'),
(517, '8', '21', '2BD0h', '2'),
(518, '8', '21', '2AD0h', '3'),
(519, '8', '21', '2BC2h', '4'),
(520, '8', '21', '29D0h', '5'),
(521, '8', '22', '03B80500h', '1'),
(522, '8', '22', '017805h', '2'),
(523, '8', '22', '02B80500h', '3'),
(524, '8', '22', '027805h', '4'),
(525, '8', '22', '037805h', '5'),
(526, '9', '1', '1) арифметическое сложение', '1'),
(527, '9', '1', '2) вычитание', '2'),
(528, '9', '1', '3) исключающее ИЛИ', '3'),
(529, '9', '1', '4) логическое сложение', '4'),
(530, '9', '1', '5) беззнаковое деление', '5'),
(531, '9', '1', 'DIV', '0'),
(532, '9', '1', 'ADD', '0'),
(533, '9', '1', 'OR', '0'),
(534, '9', '1', 'XOR', '0'),
(535, '9', '1', 'SUB', '0'),
(536, '9', '2', '1) логическое умножение', '1'),
(537, '9', '2', '2) знаковое умножение', '2'),
(538, '9', '2', '3) пересылка', '3'),
(539, '9', '2', '4) инкремент операнда', '4'),
(540, '9', '2', '5) сложение с учетом флага переноса', '5'),
(541, '9', '2', 'INC', '0'),
(542, '9', '2', 'AND', '0'),
(543, '9', '2', 'ADC', '0'),
(544, '9', '2', 'IMUL', '0'),
(545, '9', '2', 'MOV', '0'),
(546, '9', '3', '1) логическое умножение', '1'),
(547, '9', '3', '2) знаковое умножение', '2'),
(548, '9', '3', '3) пересылка', '3'),
(549, '9', '3', '4) инкремент операнда', '4'),
(550, '9', '3', '5) сложение с учетом флага переноса', '5'),
(551, '9', '3', 'INC', '0'),
(552, '9', '3', 'AND', '0'),
(553, '9', '3', 'ADC', '0'),
(554, '9', '3', 'IMUL', '0'),
(555, '9', '3', 'MOV', '0'),
(556, '9', '4', '2', '1'),
(557, '9', '4', '4', '2'),
(558, '9', '4', '3', '3'),
(559, '9', '4', '1', '4'),
(560, '9', '4', '5', '5'),
(561, '9', '5', '2', '1'),
(562, '9', '5', '4', '2'),
(563, '9', '5', '3', '3'),
(564, '9', '5', '1', '4'),
(565, '9', '5', '5', '5'),
(566, '9', '6', '9F50h', '1'),
(567, '9', '6', '009Bh', '2'),
(568, '9', '6', 'AA9Bh', '3'),
(569, '9', '6', '9B9Ah', '4'),
(570, '9', '6', '9BFFh', '5'),
(571, '9', '18', 'оба операнда - регистры', '1'),
(572, '9', '18', 'операнд приемник - регистр, операнд источник - память', '2'),
(573, '9', '18', 'операнд приемник - память, операнд источник - регистр', '3'),
(574, '9', '18', 'операнд приемник - память, операнд источник- память', '4'),
(575, '9', '19', 'оба операнда - регистры', '1'),
(576, '9', '19', 'приемник - регистр (8 бит), источник - память', '2'),
(577, '9', '19', 'приемник - память, источник - регистр (8 бит)', '3'),
(578, '9', '19', 'приемник - память, источник- память', '4'),
(579, '9', '19', 'приемник - регистр (16 бит), источник - память', '5'),
(580, '9', '22', '1, 2, 4, 5, 8', '1'),
(581, '9', '22', '1, 3, 5, 7, 8', '2'),
(582, '9', '22', '1, 2, 4, 5, 6, 7', '3'),
(583, '9', '22', '1, 2, 3, 4, 5, 6, 8', '4'),
(584, '9', '22', '1, 3, 4, 5, 6, 8', '5'),
(585, '9', '23', '03B80500h', '1'),
(586, '9', '23', '017805h', '2'),
(587, '9', '23', '02B80500h', '3'),
(588, '9', '23', '027805h', '4'),
(589, '9', '23', '037805h', '5'),
(590, '9', '24', '20870Eh', '1'),
(591, '9', '24', '224714h', '2'),
(592, '9', '24', '20470Eh', '3'),
(593, '9', '24', '2107h', '4'),
(594, '9', '24', '20870E00h', '5'),
(595, '9', '26', 'трансляции', '1'),
(596, '9', '26', 'редактирования', '2'),
(597, '9', '26', 'компоновки', '3'),
(598, '9', '26', 'исполнения', '4'),
(599, '9', '26', 'загрузки', '5'),
(600, '9', '27', 'трансляции', '1'),
(601, '9', '27', 'редактирования', '2'),
(602, '9', '27', 'компоновки', '3'),
(603, '9', '27', 'исполнения', '4'),
(604, '9', '27', 'загрузки', '5'),
(605, '9', '28', 'трансляции', '1'),
(606, '9', '28', 'редактирования', '2'),
(607, '9', '28', 'компоновки', '3'),
(608, '9', '28', 'исполнения', '4'),
(609, '9', '28', 'загрузки', '5'),
(610, '9', '29', 'трансляции', '1'),
(611, '9', '29', 'редактирования', '2'),
(612, '9', '29', 'компоновки', '3'),
(613, '9', '29', 'исполнения', '4'),
(614, '9', '29', 'загрузки', '5'),
(615, '9', '30', 'трансляции', '1'),
(616, '9', '30', 'редактирования', '2'),
(617, '9', '30', 'компоновки', '3'),
(618, '9', '30', 'исполнения', '4'),
(619, '9', '30', 'загрузки', '5'),
(620, '9', '31', 'трансляции программы', '1'),
(621, '9', '31', 'отладки программы', '2'),
(622, '9', '31', 'компоновки программы', '3'),
(623, '9', '31', 'запуска программы', '4'),
(624, '9', '31', 'редактирования связей программы', '5'),
(625, '9', '32', 'трансляции программы', '1'),
(626, '9', '32', 'отладки программы', '2'),
(627, '9', '32', 'компоновки программы', '3'),
(628, '9', '32', 'запуска программы', '4'),
(629, '9', '32', 'редактирования программы', '5'),
(630, '9', '33', 'исходная программа', '1'),
(631, '9', '33', 'объектный модуль', '2'),
(632, '9', '33', 'листинг', '3'),
(633, '9', '33', 'выполняемая программа', '4'),
(634, '9', '33', 'файл перекрестных ссылок', '5'),
(635, '9', '33', 'таблица идентификаторов', '6'),
(636, '10', '1', '3 байта', '1'),
(637, '10', '1', '2 байта', '2'),
(638, '10', '1', '4 байта', '3'),
(639, '10', '1', '1 байт', '4'),
(640, '10', '1', '5 байт', '5'),
(641, '10', '2', 'прямой относительный', '1'),
(642, '10', '2', 'регистровый косвенный', '2'),
(643, '10', '2', 'непосредственный', '3'),
(644, '10', '2', 'прямой абсолютный', '4'),
(645, '10', '3', '0', '1'),
(646, '10', '3', '1', '2'),
(647, '10', '4', 'да', '1'),
(648, '10', '4', 'нет', '2'),
(649, '10', '5', 'да', '1'),
(650, '10', '5', 'нет', '2'),
(651, '10', '6', 'да', '1'),
(652, '10', '6', 'нет', '2'),
(653, '10', '7', 'да', '1'),
(654, '10', '7', 'нет', '2'),
(655, '10', '8', 'да', '1'),
(656, '10', '8', 'нет', '2'),
(657, '10', '9', 'да', '1'),
(658, '10', '9', 'нет', '2'),
(659, '10', '10', 'да', '1'),
(660, '10', '10', 'нет', '2'),
(661, '10', '13', '<img src="/document/tests/image/10215.1.png" ></img>', '1'),
(662, '10', '13', '<img src="/document/tests/image/10215.2.png"></img>', '2'),
(663, '10', '13', '<img src="/document/tests/image/10215.3.png"></img>', '3'),
(664, '10', '13', '<img src="/document/tests/image/10215.4.png"></img>', '4'),
(665, '10', '13', '<img src="/document/tests/image/10215.5.png"></img>', '5'),
(666, '10', '14', '<img src="/document/tests/image/10216.1.png" ></img>', '1'),
(667, '10', '14', '<img src="/document/tests/image/10216.2.png" ></img>', '2'),
(668, '10', '14', '<img src="/document/tests/image/10216.3.png" ></img>', '3'),
(669, '10', '14', '<img src="/document/tests/image/10216.4.png" ></img>', '4'),
(670, '10', '14', '<img src="/document/tests/image/10216.5.png" ></img>', '5'),
(671, '10', '15', '<img src="/document/tests/image/10217.1.png" ></img>', '1'),
(672, '10', '15', '<img src="/document/tests/image/10217.2.png" ></img>', '2'),
(673, '10', '15', '<img src="/document/tests/image/10217.3.png" ></img>', '3'),
(674, '10', '15', '<img src="/document/tests/image/10217.4.png" ></img>', '4'),
(675, '10', '15', '<img src="/document/tests/image/10217.5.png" ></img>', '5'),
(676, '10', '16', '<img src="/document/tests/image/10218.1.png" ></img>', '1'),
(677, '10', '16', '<img src="/document/tests/image/10218.2.png" ></img>', '2'),
(678, '10', '16', '<img src="/document/tests/image/10218.3.png" ></img>', '3'),
(679, '10', '16', '<img src="/document/tests/image/10218.4.png" ></img>', '4'),
(680, '10', '16', '<img src="/document/tests/image/10218.5.png" ></img>', '5'),
(681, '10', '21', 'косвенный near-переход', '1'),
(682, '10', '21', 'косвенный ближний', '2'),
(683, '10', '21', 'прямой дальний', '3'),
(684, '10', '21', 'косвенный дальний', '4'),
(685, '10', '21', 'прямой ближний', '5'),
(686, '10', '22', 'прямой короткий безусловный переход', '1'),
(687, '10', '22', 'условный переход', '2'),
(688, '10', '22', 'косвенный дальний безусловный переход', '3'),
(689, '10', '22', 'косвенный внутрисегментный безусловный переход', '4'),
(690, '10', '22', 'прямой дальний безусловный переход', '5'),
(691, '10', '23', 'прямой короткий', '1'),
(692, '10', '23', 'косвенный ближний', '2'),
(693, '10', '23', 'прямой дальний', '3'),
(694, '10', '23', 'косвенный дальний', '4'),
(695, '10', '23', 'прямой внутрисегментный ', '5'),
(696, '10', '24', 'прямой короткий', '1'),
(697, '10', '24', 'косвенный ближний', '2'),
(698, '10', '24', 'прямой дальний', '3'),
(699, '10', '24', 'косвенный дальний', '4'),
(700, '10', '24', 'прямой внутрисегментный ', '5'),
(701, '10', '25', 'прямой короткий', '1'),
(702, '10', '25', 'косвенный ближний', '2'),
(703, '10', '25', 'прямой дальний', '3'),
(704, '10', '25', 'косвенный дальний', '4'),
(705, '10', '25', 'прямой внутрисегментный ', '5'),
(706, '10', '26', 'прямой короткий', '1'),
(707, '10', '26', 'косвенный ближний', '2'),
(708, '10', '26', 'прямой дальний', '3'),
(709, '10', '26', 'косвенный дальний', '4'),
(710, '10', '26', 'прямой внутрисегментный ', '5'),
(711, '11', '1', '3,7,15,3,4,5,-6,3,18,9', '1'),
(712, '11', '1', '3,7,15,-1,4,5,-6,3,18,9', '2'),
(713, '11', '1', '-1,7,12,0,4,5,-6,3,18,9', '3'),
(714, '11', '1', '3,7,-1,15,4,5,-6,3,18,9', '4'),
(715, '11', '1', '3,7,12,0,4,5,-6,3,18,9', '5'),
(716, '11', '2', '-1,7,15,0,4,5,-6,3,18,9', '1'),
(717, '11', '2', '3,7,15,-1,4,5,-6,3,18,9', '2'),
(718, '11', '2', '3,7,12,3,4,5,-6,3,18,9', '3'),
(719, '11', '2', '3,7,-12,15,4,5,-6,3,18,9', '4'),
(720, '11', '2', '15,7,12,3,4,5,-6,3,18,9', '5'),
(721, '11', '3', '-1,3,12,0,4,5,-6,3,18,9', '1'),
(722, '11', '3', '-3,7,12,0,4,5,-6,3,18,9', '2'),
(723, '11', '3', '-1,7,12,0,4,5,-6,3,18,9', '3'),
(724, '11', '3', '3,7,-1,15,4,5,-6,3,18,9', '4'),
(725, '11', '3', '3,7,12,0,4,5,-6,3,18,9', '5'),
(726, '11', '4', '4', '1'),
(727, '11', '4', '1', '2'),
(728, '11', '4', '3', '3'),
(729, '11', '4', '2', '4'),
(730, '11', '4', 'сегменты не выделяются', '5'),
(731, '11', '5', 'Да', '1'),
(732, '11', '5', 'Нет', '2'),
(733, '11', '6', '4', '1'),
(734, '11', '6', '1', '2'),
(735, '11', '6', '3', '3'),
(736, '11', '6', '2', '4'),
(737, '11', '6', 'сегменты не выделяются', '5'),
(738, '12', '1', 'прямым выбором', '1'),
(739, '12', '1', 'прямым обменом', '2'),
(740, '12', '1', 'прямым включением', '3'),
(741, '12', '1', 'методом Хоара', '4'),
(742, '12', '1', 'слиянием', '5'),
(743, '12', '2', 'прямым выбором', '1'),
(744, '12', '2', 'прямым обменом', '2'),
(745, '12', '2', 'прямым включением', '3'),
(746, '12', '2', 'прямой подстановкой', '4'),
(747, '12', '2', 'прямой заменой', '5'),
(748, '12', '3', 'прямым выбором', '1'),
(749, '12', '3', 'прямым обменом', '2'),
(750, '12', '3', 'прямым включением', '3'),
(751, '12', '3', 'прямой подстановкой', '4'),
(752, '12', '3', 'прямой заменой', '5'),
(753, '12', '4', 'Да', '1'),
(754, '12', '4', 'Нет', '2'),
(755, '12', '5', 'прямым выбором', '1'),
(756, '12', '5', 'прямым включением', '2'),
(757, '12', '5', 'прямым обменом', '3'),
(758, '12', '5', 'методом Хоара', '4'),
(759, '12', '5', 'слиянием', '5'),
(760, '12', '6', 'прямым выбором', '1'),
(761, '12', '6', 'прямым включением', '2'),
(762, '12', '6', 'прямым обменом', '3'),
(763, '12', '6', 'методом Хоара', '4'),
(764, '12', '6', 'слиянием', '5'),
(765, '12', '7', 'прямым выбором', '1'),
(766, '12', '7', 'прямым включением', '2'),
(767, '12', '7', 'прямым обменом', '3'),
(768, '12', '7', 'методом Хоара', '4'),
(769, '12', '7', 'слиянием', '5'),
(770, '13', '14', 'REP', '1'),
(771, '13', '14', 'REPE', '2'),
(772, '13', '14', 'REPNE', '3'),
(773, '13', '15', 'REP', '1'),
(774, '13', '15', 'REPE', '2'),
(775, '13', '15', 'REPNE', '3'),
(776, '13', '16', 'REP', '1'),
(777, '13', '16', 'REPE', '2'),
(778, '13', '16', 'REPNE', '3'),
(779, '13', '17', 'REP', '1'),
(780, '13', '17', 'REPZ', '2'),
(781, '13', '17', 'REPNZ', '3'),
(782, '', '', '', ''),
(783, '', '', '', ''),
(784, '', '', '', ''),
(785, '', '', '', ''),
(786, '', '', '', ''),
(787, '', '', '', ''),
(788, '', '', '', ''),
(789, '', '', '', ''),
(790, '', '', '', ''),
(791, '', '', '', ''),
(792, '', '', '', ''),
(793, '', '', '', ''),
(794, '', '', '', ''),
(795, '', '', '', ''),
(796, '', '', '', ''),
(797, '', '', '', ''),
(798, '', '', '', ''),
(799, '', '', '', ''),
(800, '', '', '', ''),
(801, '', '', '', ''),
(802, '', '', '', ''),
(803, '', '', '', ''),
(804, '', '', '', ''),
(805, '', '', '', ''),
(806, '', '', '', ''),
(807, '', '', '', ''),
(808, '', '', '', ''),
(809, '', '', '', ''),
(810, '', '', '', ''),
(811, '', '', '', ''),
(812, '', '', '', ''),
(813, '', '', '', ''),
(814, '', '', '', ''),
(815, '', '', '', ''),
(816, '', '', '', ''),
(817, '', '', '', ''),
(818, '', '', '', ''),
(819, '', '', '', ''),
(820, '', '', '', ''),
(821, '', '', '', ''),
(822, '', '', '', ''),
(823, '', '', '', ''),
(824, '', '', '', ''),
(825, '', '', '', ''),
(826, '', '', '', ''),
(827, '', '', '', ''),
(828, '', '', '', ''),
(829, '', '', '', ''),
(830, '', '', '', ''),
(831, '', '', '', ''),
(832, '', '', '', ''),
(833, '', '', '', ''),
(834, '', '', '', ''),
(835, '', '', '', ''),
(836, '', '', '', ''),
(837, '', '', '', ''),
(838, '', '', '', ''),
(839, '', '', '', '');

-- --------------------------------------------------------

--
-- Структура таблицы `test_query`
--

CREATE TABLE IF NOT EXISTS `test_query` (
  `id` int(11) NOT NULL AUTO_INCREMENT,
  `number_test` varchar(999) NOT NULL,
  `query` varchar(999) NOT NULL,
  `href_image` varchar(999) NOT NULL,
  `response_options` varchar(999) NOT NULL,
  `href_query` varchar(999) NOT NULL,
  `number_task` varchar(999) NOT NULL,
  `know_response` varchar(999) NOT NULL,
  PRIMARY KEY (`id`)
) ENGINE=InnoDB  DEFAULT CHARSET=utf8 AUTO_INCREMENT=264 ;

--
-- Дамп данных таблицы `test_query`
--

INSERT INTO `test_query` (`id`, `number_test`, `query`, `href_image`, `response_options`, `href_query`, `number_task`, `know_response`) VALUES
(1, '1', 'Укажите  верное утверждение', '', '', 'know_page.php?test=1&task=1', '1', 'Выберите один из 5 вариантов ответа:'),
(2, '1', 'Какой из вариантов не является типом машинного цикла?', '', '', 'know_page.php?test=1&task=2', '2', 'Выберите один из 6 вариантов ответа:'),
(3, '1', 'Общее число тактовых импульсов, требуемых для выполнения команды,\nопределяет время её выполнения и называется ...?', '', '', 'know_page.php?test=1&task=3', '3', 'Выберите один из 3 вариантов ответа:'),
(4, '1', 'Круговая диаграмма рабочего цикла процессора включает следующие этапы', '', '', 'know_page.php?test=1&task=4', '4', 'Выберите несколько из 6 вариантов ответа:'),
(5, '1', 'Расположите в порядке возрастания этапы рабочего цикла процессора', '', '', 'know_page.php?test=1&task=5', '5', 'Укажите порядок следования всех 5 вариантов ответа:'),
(6, '1', 'Минимальное количество этапов в командном цикле процессора  - ... .\n\n(Введите число)', '', '', 'know_page.php?test=1&task=6', '6', 'Запишите число:'),
(7, '1', 'Одно обращение процессора к памяти или к внешнему  устройству, называется ...?', '', '', 'know_page.php?test=1&task=7', '7', 'Выберите один из 4 вариантов ответа:'),
(8, '1', 'Дополните принцип фон-Неймана:<br>\n\n"Вся информация в ВМ представляется в ... кодах"', '', '', 'know_page.php?test=1&task=8', '8', 'Выберите один из 5 вариантов ответа:'),
(9, '1', 'Определите истинность высказываний', '', '', 'know_page.php?test=1&task=9', '9', '\nУкажите истинность или ложность вариантов ответа:'),
(10, '1', 'Укажите верное окончание предложения<br>\n\n"Все команды и данные выполняющейся программы обязательно должны быть размещены ..."', '', '', 'know_page.php?test=1&task=10', '10', 'Выберите один из 5 вариантов ответа:'),
(11, '1', 'Для программиста память представляет собой ...', '', '', 'know_page.php?test=1&task=11', '11', 'Выберите один из 5 вариантов ответа:'),
(12, '1', 'Укажите верное окончание предложения<br>\n"Вся информация в ячейках памяти ВМ размещается строго по ..."', '', '', 'know_page.php?test=1&task=12', '12', 'Выберите один из 5 вариантов ответа:'),
(13, '1', 'Определите истинность высказываний', '', '', 'know_page.php?test=1&task=13', '13', 'Укажите истинность или ложность вариантов ответа:'),
(14, '1', 'Определите истинность высказываний', '', '', 'know_page.php?test=1&task=14', '14', 'Укажите истинность или ложность вариантов ответа:'),
(15, '1', 'Команды процессора в общем случае могут быть ...', '', '', 'know_page.php?test=1&task=15', '15', 'Выберите несколько из 7 вариантов ответа:'),
(16, '1', 'Дополните высказывание (с учетом падежа):', '', '', 'know_page.php?test=1&task=16', '16', 'Запишите ответ:'),
(17, '1', 'Какие устройства (из перечисленных ниже) выделил фон-Неман<br>\n\nв составе вычислительной машины с программным управлением ?', '', '', 'know_page.php?test=1&task=17', '17', 'Выберите несколько из 5 вариантов ответа:'),
(18, '1', 'Принстонская архитектура компьютера предполагает', '', '', 'know_page.php?test=1&task=18', '18', 'Выберите один из 5 вариантов ответа:'),
(19, '1', 'Гарвардская архитектура компьютера предполагает', '', '', 'know_page.php?test=1&task=19', '19', 'Выберите один из 5 вариантов ответа:'),
(20, '1', 'Гарвардская архитектура компьютера предполагает', '', '', 'know_page.php?test=1&task=20', '20', 'Выберите один из 5 вариантов ответа:'),
(21, '1', '\r\nОпределите истинность высказываний', '', '', 'know_page.php?test=1&task=21', '21', 'Укажите истинность или ложность вариантов ответа:'),
(22, '2', 'Какой режим адресации использован в команде \n<br>\nXOR [BP+18h], DL', '', '', 'know_page.php?test=2&task=1', '1', 'Выберите один из 5 вариантов ответа:'),
(23, '2', 'Какой режим адресации использован в команде \n<br>\nINC byte ptr [BP+SI]\n', '', '', 'know_page.php?test=2&task=2', '2', 'Выберите один из 5 вариантов ответа:'),
(24, '2', 'Какой режим адресации использован в команде \n<br>\nINC word ptr [BX+SI+48h]', '', '', 'know_page.php?test=2&task=3', '3', 'Выберите один из 5 вариантов ответа:'),
(25, '2', 'Какой режим адресации использован в команде \n<br>\nINC word ptr [BX+SI+48h]', '', '', 'know_page.php?test=2&task=4', '4', 'Выберите один из 5 вариантов ответа:'),
(26, '2', 'Какой режим адресации использован в команде \n<br>\nAND AX,[BX+10]', '', '', 'know_page.php?test=2&task=5', '5', 'Выберите один из 7 вариантов ответа:'),
(27, '2', 'Какой режим адресации использован в команде \n<br>\nAND AX,[BX+10]', '', '', 'know_page.php?test=2&task=6', '6', 'Выберите один из 7 вариантов ответа:'),
(28, '2', 'Какие режимы адресации можно использовать для обращения к i-му элементу линейного массива?', '', '', 'know_page.php?test=2&task=7', '7', 'Выберите несколько из 6 вариантов ответа:'),
(29, '2', 'Укажите соответствующие пары:\n<br>\nмнемоническая запись команды - режим адресации операнда-источника', '', '', 'know_page.php?test=2&task=8', '8', 'Укажите соответствие для всех 5 вариантов ответа:'),
(30, '2', 'Укажите соответствующие пары:\n<br>\nмнемоническая запись команды - режим адресации операнда-источника', '', '', 'know_page.php?test=2&task=9', '9', 'Укажите соответствие для всех 5 вариантов ответа:'),
(31, '2', 'Укажите режим адресации, используемый в команде логического сложения', '/document/tests/image/2167.png', '', 'know_page.php?test=2&task=10', '10', 'Выберите один из 7 вариантов ответа:'),
(32, '2', 'Укажите режим адресации, используемый в команде арифметического сложения', '/document/tests/image/2168.png', '', 'know_page.php?test=2&task=11', '11', 'Выберите один из 7 вариантов ответа:'),
(33, '2', 'Укажите режим адресации, используемый в последней команде пересылки', '/document/tests/image/2169.png', '', 'know_page.php?test=2&task=12', '12', 'Выберите один из 7 вариантов ответа:'),
(34, '2', 'Укажите режим адресации, используемый в  команде инкремента', '/document/tests/image/2170.png', '', 'know_page.php?test=2&task=13', '13', 'Выберите один из 7 вариантов ответа:'),
(35, '2', 'Укажите режим адресации, используемый в команде "исключающее ИЛИ"', '/document/tests/image/2171.png', '', 'know_page.php?test=2&task=14', '14', '\nВыберите один из 7 вариантов ответа:'),
(36, '2', 'Укажите режим адресации, используемый в команде логического сложения', '/document/tests/image/2172.png', '', 'know_page.php?test=2&task=15', '15', '\nВыберите один из 7 вариантов ответа:'),
(37, '3', 'Определите истинность высказываний', '', '', 'know_page.php?test=3&task=1', '1', 'Укажите истинность или ложность вариантов ответа:'),
(38, '3', 'За декодирование команд отвечает _______  в устройстве управления', '', '', 'know_page.php?test=3&task=2', '2', 'Назовите это устройство '),
(39, '3', 'За передачу управления следующей команде отвечает регистр', '', '', 'know_page.php?test=3&task=3', '3', 'Выберите один из 5 вариантов ответа:'),
(40, '3', 'ЦП получает доступ к ячейкам памяти посредством шины ...', '', '', 'know_page.php?test=3&task=4', '4', 'Выберите один из 4 вариантов ответа:'),
(41, '3', 'Определите истинность высказываний', '', '', 'know_page.php?test=3&task=5', '5', 'Укажите истинность или ложность вариантов ответа:'),
(42, '3', 'Помещение данных в ячейку памяти является операцией ', '', '', 'know_page.php?test=3&task=6', '6', '\nВыберите один из 2 вариантов ответа:'),
(43, '3', 'Память RАM служит:', '', '', 'know_page.php?test=3&task=7', '7', 'Выберите один из 3 вариантов ответа:'),
(44, '3', 'Каков размер адресного пространства (в Мбайтах) для процессора, имеющего, например, следующие характеристики:\n<br>\nшина адреса=24 бит\n<br>\nшина данных=16 бит\n<br>\nразрядность регистров=16 бит.<br>(Ввести только число в десятичной системе счисления)', '', '', 'know_page.php?test=3&task=8', '8', 'Запишите число:'),
(45, '3', 'Каков размер адресного пространства (в байтах) для процессора, имеющего,\nнапример, следующие характеристики:\n<br>\n\nшина адреса=8 бит\n<br>\nшина данных=4 бит\n<br>\nразрядность регистров=8 бит\n<br>\n(Ввести только число в десятичной системе счисления)', '', '', 'know_page.php?test=3&task=9', '9', 'Запишите число:'),
(46, '3', 'Каков размер адресного пространства (в Кбайтах) для процессора,\n\nимеющего, например, следующие характеристики:\n\n<br>\nшина адреса=16 бит\n<br>\nшина данных=8 бит\n<br>\nразрядность регистров=8 бит<br>(Ввести только число в десятичной с/сч)', '', '', 'know_page.php?test=3&task=10', '10', 'Запишите число:'),
(47, '3', 'Каков размер адресного пространства (в Кбайтах) для процессора,\n\nимеющего, например, следующие характеристики:\n\n<br>\nшина адреса=10 бит\n<br>\nшина данных=8 бит\n<br>\nразрядность регистров=8 бит\n<br>\n(Ввести только число в десятичной с/сч)', '', '', 'know_page.php?test=3&task=11', '11', 'Запишите число:'),
(48, '4', '\nМинимальная единица обращения к памяти - это...', '', '', 'know_page.php?test=3&task=1', '1', 'Выберите один из 5 вариантов ответа:'),
(49, '4', 'Какое значение поля MOD допустимо в формате команды, использующей косвенную адресацию?\n', '', '', 'know_page.php?test=4&task=2', '2', 'Выберите несколько из 8 вариантов ответа:'),
(50, '4', 'Формат команды CPU i8086 содержит следующие поля', '', '', 'know_page.php?test=4&task=3', '3', 'Выберите несколько из 5 вариантов ответа:'),
(51, '4', '\nКакие поля в структуре команды не являются обязательными?', '', '', 'know_page.php?test=4&task=4', '4', 'Выберите несколько из 5 вариантов ответа:'),
(52, '4', 'За разрядность операндов в формате команды отвечает бит ...\n<br>\n(введите символическое обозначение)', '', '', 'know_page.php?test=4&task=5', '5', 'Запишите ответ:'),
(53, '4', 'Наличие поля DISP в формате команды определяют по полю ... ', '', '', 'know_page.php?test=4&task=6', '6', 'Выберите один из 7 вариантов ответа:'),
(54, '4', 'Непосредственный операнд хранится в поле ____ формата команды.\n<br>\n(Введите первые три символа обозначения)', '', '', 'know_page.php?test=4&task=7', '7', 'Запишите ответ:'),
(55, '4', 'Сегмент  - это', '', '', 'know_page.php?test=4&task=8', '8', 'Выберите один из 5 вариантов ответа:'),
(56, '4', 'На рисунке приведен участок сегмента ___________', '', '', 'know_page.php?test=4&task=9', '9', 'Выберите один из 5 вариантов ответа:'),
(57, '4', 'Логический адрес в общем виде представляют как\n<br>\nAo : As\n', '', '', 'know_page.php?test=4&task=10', '10', 'Выберите один из 2 вариантов ответа:'),
(58, '4', 'Укажите возможные места расположения операндов программы', '', '', 'know_page.php?test=4&task=11', '11', 'Выберите несколько из 6 вариантов ответа:'),
(59, '4', 'Минимальный размер сегмента составляет________байт\n<br>\n(Укажите число в десятичной системе счисления)   ', '', '', 'know_page.php?test=4&task=12', '12', 'Запишите число:'),
(60, '4', '\nкоманды логического адреса общий вид  Приведите\n <br>(пробелы и квадратные скобки при записи не использовать) ', '', '', 'know_page.php?test=4&task=13', '13', 'Запишите ответ:'),
(61, '4', 'Вопрос:Приведите логический адрес вершины стека\n\n<br>(пробелы и квадратные скобки при записи  не использовать)', '', '', 'know_page.php?test=4&task=14', '14', 'Запишите ответ:'),
(62, '4', 'Введите отсутствующее обозначение ', '/document/tests/image/441.png', '', 'know_page.php?test=4&task=15', '15', 'Запишите ответ:'),
(63, '4', 'Какая  группа регистров может входить в формулу\n \nвычисления исполнительного адреса операнда (ЕА)\n\nдля CPU i8086?', '', '', 'know_page.php?test=4&task=16', '16', 'Выберите один из 5 вариантов ответа:'),
(64, '4', 'Разрядность шины адреса CPU i8086 составляет ... бит.\n<br>\n(Ввести только число в десятичной системе счисления)', '', '', 'know_page.php?test=4&task=17', '17', 'Запишите число:'),
(65, '4', 'Адресное пространство CPU i8088 составляет ...  Кбайт.\n<br>\n(Ввести только число в десятичной системе счисления)', '', '', 'know_page.php?test=4&task=18', '18', 'Запишите число:'),
(66, '4', 'Укажите сегментные регистры ', '', '', 'know_page.php?test=4&task=19', '19', 'Укажите сегментные регистры '),
(67, '4', 'Чему равен физический адрес команды, если:<br>\n\n\nCS=30A8h                           BX=0034h<br>\n\nDS=30B8h                           SP=0100h<br>\n\nSS=30C8h                            IP=0450h<br>\n\nES=30B8h                            SI=000Fh', '', '', 'know_page.php?test=4&task=20', '20', 'Выберите один из 5 вариантов ответа:'),
(68, '4', 'Чему равен физический адрес вершины стека, если:<br>\n\n\nCS=30A8h                           BX=0034h<br>\n\nDS=30B8h                           SP=0100h<br>\n\nSS=30C8h                            IP=0450h<br>\n\nES=30B8h                            SI=000Fh', '', '', 'know_page.php?test=4&task=21', '21', 'Выберите один из 5 вариантов ответа:'),
(69, '4', 'Чему равен физический адрес операнда-источника в команде SUB  DI, [BP+10], если:<br>\n\n\n\nCS=30A8h                           BP=0034h<br>\n\nDS=30B8h                           SP=0100h<br>\n\nSS=30C8h                            IP=0450h\n\nES=30B8h                            DI=000Fh', '', '', 'know_page.php?test=4&task=22', '22', 'Выберите один из 5 вариантов ответа:'),
(70, '4', 'Чему равен физический адрес операнда-источника в команде ADD  BX, [SI+16], если:<br>\n\n\nCS=30A8h                           BX=0034h<br>\n\nDS=30B8h                           SP=0100h<br>\n\nSS=30C8h                            IP=0450h<br>\n\nES=30B8h                            SI=000Fh', '', '', 'know_page.php?test=4&task=23', '23', 'Выберите один из 5 вариантов ответа:'),
(71, '4', 'Чему равен физический адрес команды mov al,mas[si]?\n\nУказать только шестнадцатеричные цифры . <br>Например, 28А3А;   07102', '/document/tests/image/4157.png', '', 'know_page.php?test=4&task=24', '24', 'Запишите ответ:'),
(72, '4', 'Чему равен физический адрес команды mov ax, data?\n\nУказать только шестнадцатеричные цифры. <br>Например, 28А3А;   07102', '/document/tests/image/4158.png', '', 'know_page.php?test=4&task=25', '25', '\nЗапишите ответ:'),
(73, '4', 'Чему равен физический адрес команды ADC?\n\nУказать только шестнадцатеричные цифры. <br>Например, 28А30;  70010', '/document/tests/image/4159.png', '', 'know_page.php?test=4&task=26', '26', 'Запишите ответ:'),
(74, '4', 'Чему равен физический адрес последней команды MOV?\n\nУказать только шестнадцатеричные цифры.<br> Например, 28А30;  70010', '/document/tests/image/4160.png', '', 'know_page.php?test=4&task=27', '27', 'Запишите ответ:'),
(75, '4', 'Перед Вами содержимое сегмента данных (в программе и в оперативной памяти).\n\nЗапишите логический адрес байта, хранящего символ ''t''<br>\n\nАдрес вводить без пробелов и указания <br>системы счисления, например: 0710:0000', '/document/tests/image/4161.png', '', 'know_page.php?test=4&task=28', '28', 'Запишите ответ:'),
(76, '4', 'Перед Вами содержимое сегмента данных (в программе и в оперативной памяти).\n<br>\nЗапишите физический адрес байта, хранящего символ ''t''<br>\n\nАдрес вводить без указания системы счисления, например: 07100', '/document/tests/image/4162.png', '', 'know_page.php?test=4&task=29', '29', 'Запишите ответ:'),
(77, '4', 'Перед Вами содержимое сегмента данных (в программе и в оперативной памяти).\n<br>\nЗапишите физический адрес слова, хранящего число 30 (переменная mas)\n<br>\nАдрес вводить без указания системы счисления, например: 07100\n', '/document/tests/image/4163.png', '', 'know_page.php?test=4&task=30', '30', 'Запишите ответ:'),
(78, '4', 'Перед Вами содержимое сегмента данных (в программе и в оперативной памяти).\n<br>\nЗапишите логический адрес переменной kol\n<br>\nАдрес вводить без пробелов и указания системы счисления, например: 0710:0000', '/document/tests/image/4164.png', '', 'know_page.php?test=4&task=31', '31', 'Запишите ответ:'),
(79, '4', 'Перед Вами содержимое сегмента данных (в программе и в оперативной памяти).\n<br>\nЗапишите логический адрес переменной str1\n<br>\nАдрес вводить без пробелов и указания системы счисления, например: 0710:0000', '/document/tests/image/4165.png', '', 'know_page.php?test=4&task=32', '32', '\nЗапишите ответ:'),
(80, '4', 'Перед Вами содержимое сегмента данных (в программе и в оперативной памяти).\n<br>\nЗапишите физический адрес байта, хранящего символ ''k''\n<br>\nАдрес вводить без указания системы счисления, например: 07100', '/document/tests/image/4166.png', '', 'know_page.php?test=4&task=33', '33', 'Запишите ответ:'),
(81, '5', '\nСколько флагов управления состоянием процессора размещено в регистре флагов CPU i8086\n<br>\n(Ввести только число в десятичной системе счисления)', '', '', 'know_page.php?test=5&task=1', '1', 'Запишите число:'),
(82, '5', 'Какое значение получит флаг CF при выполнении арифметического сложения двух байтовых величин: \n<br>\nDFh + 21h ?\n', '', '', 'know_page.php?test=5&task=2', '2', 'Выберите один из 2 вариантов ответа:'),
(83, '5', 'Какое значение получит флаг OF при выполнении арифметического сложения двух байтовых величин: \n<br>\nDFh + 21h', '', '', 'know_page.php?test=5&task=3', '3', 'Выберите один из 2 вариантов ответа:'),
(84, '5', 'Какое значение получит флаг AF при выполнении арифметического сложения двух байтовых величин: \n<br>\nEEh + 43h', '', '', 'know_page.php?test=5&task=4', '4', 'Выберите один из 2 вариантов ответа:'),
(85, '5', 'Какое значение получит флаг OF при выполнении арифметического сложения двух байтовых величин:\n<br>\nDFh + C1h', '', '', 'know_page.php?test=5&task=5', '5', 'Выберите один из 2 вариантов ответа:'),
(86, '5', 'Какой флаг покажет, что в операции вычитания\n\nучаствовали равновеликие операнды?', '', '', 'know_page.php?test=5&task=6', '6', 'Выберите один из 5 вариантов ответа:'),
(87, '5', 'Какое значение получит флаг SF при выполнении арифметического сложения двух байтовых величин: \n<br>\nDFh + 21h', '', '', 'know_page.php?test=5&task=7', '7', 'Выберите один из 2 вариантов ответа:'),
(88, '5', 'Чему равно состояние флага CF после выполнения следующих команд:\n<br>\nMOV CX,2790h\n<br>\nXOR CX,0FFFFh', '', '', 'know_page.php?test=5&task=9', '8', 'Выберите один из 2 вариантов ответа:'),
(89, '5', 'Укажите состояние флага PF после выполнения команды XOR SI,SI?', '', '', 'know_page.php?test=5&task=9', '9', 'Выберите один из 2 вариантов ответа:'),
(90, '5', 'Укажите соответствие между названиями флагов регистра флагов CPU i8806 и их назначением\n', '', '', 'know_page.php?test=5&task=10', '10', 'Укажите соответствие для всех 5 вариантов ответа:'),
(91, '5', 'Какой флаг следит за верным обменом информацией?', '', '', 'know_page.php?test=5&task=11', '11', 'Запишите ответ:'),
(92, '5', 'Какой флаг реагирует на то, что получен некорректный результат операции над \n\nзнаковыми операндами?', '', '', 'know_page.php?test=5&task=12', '12', 'Запишите ответ:'),
(93, '5', 'Введите название флага. Например: ZF', '/document/tests/image/585.png', '', 'know_page.php?test=5&task=13', '13', 'Запишите ответ:'),
(94, '5', 'Укажите состояние флага PF после выполнения команды add mas[si],al?', '/document/tests/image/5199.png', '', 'know_page.php?test=5&task=14', '14', 'Выберите один из 2 вариантов ответа:'),
(95, '5', 'Чему равно состояние флага CF после выполнения команды вычитания?', '/document/tests/image/5200.png', '', 'know_page.php?test=5&task=15', '15', 'Выберите один из 2 вариантов ответа:'),
(96, '5', 'Укажите состояние флага AF после выполнения команды add mas[si],al?', '/document/tests/image/5201.png', '', 'know_page.php?test=5&task=16', '16', 'Выберите один из 2 вариантов ответа:'),
(97, '5', 'Чему равно состояние флага OF после выполнения команды вычитания?', '/document/tests/image/5202.png', '', 'know_page.php?test=5&task=17', '17', 'Выберите один из 2 вариантов ответа:'),
(98, '6', 'Где могут размещаться операнды у одноадресных команд?', '', '', 'know_page.php?test=6&task=1', '1', 'Выберите несколько из 5 вариантов ответа:'),
(99, '6', 'Разрядность шины адреса CPU i8086 составляет ... бит.\n<br>\n(Ввести только число в десятичной системе счисления)', '', '', 'know_page.php?test=6&task=2', '2', 'Запишите число:'),
(100, '6', 'Разрядность внешней шины данных CPU i8088 составляет ... бит.\n<br>\n(Ввести только число в десятичной системе счисления)', '', '', 'know_page.php?test=6&task=3', '3', 'Запишите число:'),
(101, '6', 'Разрядность внутренней шины данных CPU i8088 составляет ... бит.\n<br>\n(Ввести только число в десятичной системе счисления)', '', '', 'know_page.php?test=6&task=4', '4', '\nЗапишите число:'),
(102, '6', '\nАрифметико-логическое устройство процессора служит для', '', '', 'know_page.php?test=6&task=5', '5', 'Выберите один из 5 вариантов ответа:'),
(103, '6', 'Центром всех операций управления является', '', '', 'know_page.php?test=6&task=6', '6', 'Выберите один из 7 вариантов ответа:'),
(104, '6', 'Определите истинность высказываний', '', '', 'know_page.php?test=6&task=7', '7', '\nУкажите истинность или ложность вариантов ответа:'),
(105, '6', 'Микропрограммное устройство (МПУ)  процессора i8086 размещается в ...', '', '', 'know_page.php?test=6&task=8', '8', 'Выберите один из 2 вариантов ответа:'),
(106, '6', 'Содержимым регистра счетчика команд могут быть', '', '', 'know_page.php?test=6&task=9', '9', '\nВыберите один из 5 вариантов ответа:'),
(107, '6', 'Сколько 16-разрядных регистров общего назначения входит в состав CPU i8086?', '', '', 'know_page.php?test=6&task=10', '10', 'Запишите число:'),
(108, '6', 'Определите истинность высказываний', '', '', 'know_page.php?test=6&task=11', '11', 'Укажите истинность или ложность вариантов ответа:'),
(109, '6', 'Определите истинность или ложность следующих высказываний:', '', '', 'know_page.php?test=6&task=12', '12', 'Укажите истинность или ложность вариантов ответа:'),
(110, '6', 'Программу выполнения сложной команды иначе называют ...\n <br>\n(Введите название в именительном падеже)', '', '', 'know_page.php?test=6&task=13', '13', 'Запишите ответ:'),
(111, '6', 'Укажите соответствие между номерами на схеме и приведенными ниже названиями блоков', '/document/tests/image/6183.png', '', 'know_page.php?test=6&task=14', '14', 'Укажите порядок следования всех 5 вариантов ответа:'),
(112, '6', 'Чему равно содержимое регистра счетчика команд во время выполнения команды mov al,mas[si]?\n<br>\nУказать только четыре шестнадцатеричные цифры. Например, 28А3;  А000', '/document/tests/image/6190.png', '', 'know_page.php?test=6&task=15', '15', 'Запишите ответ:'),
(113, '6', 'Чему равно содержимое регистра счетчика команд во время выполнения команды mov ax,4c00?\n<br>\nУказать только четыре шестнадцатеричные цифры. Например, 28А3;  А000', '/document/tests/image/6191.png', '', 'know_page.php?test=6&task=16', '16', 'Запишите ответ:'),
(114, '6', 'Чему равно содержимое регистра счетчика команд во время выполнения команды or [bx+si,al?\n<br>\nУказать только четыре шестнадцатеричные цифры. Например, 28А3;  А000', '/document/tests/image/6192.png', '', 'know_page.php?test=6&task=17', '17', 'Запишите ответ:'),
(115, '6', 'Чему равно содержимое регистра счетчика команд во время выполнения команды inc si?\n<br>\nУказать только четыре шестнадцатеричные цифры. Например, 28А3;  А000', '/document/tests/image/6193.png', '', 'know_page.php?test=6&task=18', '18', '\nЗапишите ответ:'),
(116, '6', 'Укажите соответствие между именами регистров и их функциями', '', '', 'know_page.php?test=6&task=19', '19', 'Укажите соответствие для всех 5 вариантов ответа:'),
(117, '7', 'В каких сегментах (для CPU i8086) могут располагаться операнды?\n<br>\nКакие сегментные регистры им соответствуют?', '', '', 'know_page.php?test=7&task=1', '1', '\nВыберите несколько из 5 вариантов ответа:'),
(118, '7', 'Сколько байт памяти занимает машинный код команды\n<br>\nCMP AX,65000', '', '', 'know_page.php?test=7&task=2', '2', 'Выберите один из 5 вариантов ответа:'),
(119, '7', 'Какое число (в десятичной системе счисления) будет находиться в регистре АХ\nпосле выполнения команды сравнения ?', '/document/tests/image/7107.png', '', 'know_page.php?test=7&task=3', '3', 'Запишите число:'),
(120, '7', 'Укажите неверные команды пересылки', '', '', 'know_page.php?test=7&task=4', '4', 'Выберите несколько из 5 вариантов ответа:'),
(121, '7', 'Укажите неверные команды пересылки', '', '', 'know_page.php?test=7&task=5', '5', 'Выберите несколько из 5 вариантов ответа:'),
(122, '7', 'Укажите верные команды', '', '', 'know_page.php?test=7&task=6', '6', 'Выберите несколько из 5 вариантов ответа:'),
(123, '7', 'Укажите  верные команды', '', '', 'know_page.php?test=7&task=7', '7', 'Выберите несколько из 5 вариантов ответа:'),
(124, '7', 'Укажите верные команды', '', '', 'know_page.php?test=7&task=8', '8', 'Выберите несколько из 5 вариантов ответа:'),
(125, '7', 'Укажите верные команды', '', '', 'know_page.php?test=7&task=9', '9', 'Выберите несколько из 5 вариантов ответа:'),
(126, '7', 'Запишите команду, выполняющую загрузку числа FFFFh\nв регистр AX. \n<br>\nПри записи команды используйте  один ! разделяющий пробел только\nмежду мнемоникой команды и операндом-приемником.', '', '', 'know_page.php?test=7&task=10', '10', 'Запишите ответ:'),
(127, '7', 'По машинному коду команды определите, где размещаются операнды команды \n <br>\n10001000 01010100 01000100b', '', '', 'know_page.php?test=7&task=11', '11', 'Выберите один из 4 вариантов ответа:'),
(128, '7', 'Укажите соответствие между именами регистров и их функциями', '', '', 'know_page.php?test=7&task=12', '12', 'Укажите соответствие для всех 5 вариантов ответа:'),
(129, '7', 'Укажите правильный машинный код для команды\n<br>\nMOV [BX+23Ah],AL\n<br>\nБазовый код команды MOV - 88h', '', '', 'know_page.php?test=7&task=13', '13', 'Выберите один из 5 вариантов ответа:'),
(130, '7', 'Укажите правильный машинный код для команды\n<br>\nMOV CL,[SI+12]\n<br>\nБазовый код команды MOV - 88h', '', '', 'know_page.php?test=7&task=14', '14', 'Выберите один из 5 вариантов ответа:'),
(131, '7', 'Чему равен машинный код команды mov al,mas[si]?\n<br>\nУказать только шестнадцатеричные цифры. Например, 28А3; А00000', '/document/tests/image/7211.png', '', 'know_page.php?test=7&task=15', '15', 'Запишите ответ:'),
(132, '8', 'Укажите однооперандные команды', '', '', 'know_page.php?test=8&task=1', '1', 'Выберите несколько из 6 вариантов ответа:'),
(133, '8', 'В команде арифметического сложения недопустимо использовать', '', '', 'know_page.php?test=8&task=2', '2', 'Выберите несколько из 5 вариантов ответа:'),
(134, '8', 'В команде DIV BX  делимое находится в регистре (регистрах):', '', '', 'know_page.php?test=8&task=3', '3', 'Выберите несколько из 7 вариантов ответа:'),
(135, '8', 'В команде DIV bl  делимое находится в регистре (регистрах):', '', '', 'know_page.php?test=8&task=4', '4', 'Выберите несколько из 7 вариантов ответа:'),
(136, '8', 'В команде DIV BX  частное находится в регистре (регистрах):', '', '', 'know_page.php?test=8&task=5', '5', 'Выберите несколько из 7 вариантов ответа:'),
(137, '8', 'В команде DIV BL  частное находится в регистре (регистрах):', '', '', 'know_page.php?test=8&task=6', '6', 'Выберите несколько из 7 вариантов ответа:'),
(138, '8', 'Сколько байт памяти занимает машинный код команды\n<br>\nADD AL, 215', '', '', 'know_page.php?test=8&task=7', '7', 'Выберите один из 5 вариантов ответа:'),
(139, '8', 'Сколько байт памяти занимает машинный код команды\n<br>\nSUB DX,65000', '', '', 'know_page.php?test=8&task=8', '8', 'Выберите один из 5 вариантов ответа:'),
(140, '8', 'Какое знаковое число (в 10 системе счисления) будет записано в переменную chislo\nпосле выполнения команды арифметического сложения?', '/document/tests/image/8104.png', '', 'know_page.php?test=8&task=9', '9', '\nВыберите один из 5 вариантов ответа:'),
(141, '8', 'Какое число (в десятичной системе счисления) будет записано в переменную kol\nпосле выполнения команды арифметического сложения?', '/document/tests/image/8106.png', '', 'know_page.php?test=8&task=10', '10', 'Запишите число:'),
(142, '8', 'Какое число (в десятичной системе счисления) будет записано в регистр АХ\nпосле выполнения команды вычитания?', '/document/tests/image/8108.png', '', 'know_page.php?test=8&task=11', '11', 'Запишите число:'),
(143, '8', 'Какое число (в десятичной системе счисления) будет записано в регистр АН\nпосле выполнения команды деления?', '/document/tests/image/8109.png', '', 'know_page.php?test=8&task=12', '12', 'Запишите число:'),
(144, '8', 'Какое число (в десятичной системе счисления)  будет в регистре AL после выполнения команды  sub al,mas:\n<br>Указать только две шестнадцатеричные цифры. Например, 07;  А3; С0; 25', '/document/tests/image/8110.png', '', 'know_page.php?test=8&task=13', '13', 'Запишите число:'),
(145, '8', 'Укажите верную последовательность элементов mas\nпосле выполнения команды add mas[si],ax ', '/document/tests/image/8111.png', '', 'know_page.php?test=8&task=14', '14', 'Выберите один из 5 вариантов ответа:'),
(146, '8', 'По машинному коду команды определите, где размещаются операнды команды \n <br>\n00000000 11001100b', '', '', 'know_page.php?test=8&task=15', '15', 'Выберите один из 5 вариантов ответа:'),
(147, '8', 'Дана команда  ADD AX,DS:[BX+SI],\n\nмашинный код которой  00000011 00000000b.Определить значение бита d  ', '', '', 'know_page.php?test=8&task=16', '16', 'Выберите один из 2 вариантов ответа:'),
(148, '8', 'Дана команда  SUB DS: [DI+30h], AL\n\nмашинный код которой  00101000 01000101 00110000b.\nОпределить значение поля R/MEM.<br>Например: 100', '', '', 'know_page.php?test=8&task=17', '17', 'Запишите число:'),
(149, '8', 'Дана команда  ADD DS: [DI+50h], CL\n\nмашинный код которой  00000000 01001101 01010000b.Определить значение поля mod.<br>Например: 11', '', '', 'know_page.php?test=8&task=18', '18', 'Запишите ответ:'),
(150, '8', 'Укажите соответствие между именами регистров и их функциями', '', '', 'know_page.php?test=8&task=19', '19', 'Укажите соответствие для всех 5 вариантов ответа:'),
(151, '8', 'Укажите правильный машинный код для команды\n<br>\n              ADD [BX],AL\n<br>\nADD - 00h базовый код команды  ', '', '', 'know_page.php?test=8&task=20', '20', 'Выберите один из 5 вариантов ответа:'),
(152, '8', 'Укажите правильный машинный код для команды\n<br>\nSUB AX,DX\n<br>\nБазовый код команды SUB - 28h', '', '', 'know_page.php?test=8&task=21', '21', 'Выберите один из 5 вариантов ответа:'),
(153, '8', 'Укажите правильный машинный код для команды\n<br>\nADD DI,[BX+SI+5]\n<br>\nБазовый код команды ADD - 00h', '', '', 'know_page.php?test=8&task=22', '22', 'Выберите один из 5 вариантов ответа:'),
(154, '8', 'По коду команды sub al,mas определите, чему равно смещение для операнда-источника?\n<br>\nУказать только четыре шестнадцатеричные цифры. Например, 0007;  10А3; С025', '/document/tests/image/8212.png', '', 'know_page.php?test=8&task=23', '23', 'Запишите ответ:'),
(155, '9', 'Укажите соответствующие пары:\n<br>\nмнемоническая запись команды - выполняемая операция', '', '', 'know_page.php?test=9&task=1', '1', 'Укажите соответствие для всех 5 вариантов ответа:'),
(156, '9', 'Укажите соответствующие пары:\n<br>\nмнемоническая запись команды - выполняемая операция', '', '', 'know_page.php?test=9&task=2', '2', 'Укажите соответствие для всех 5 вариантов ответа:'),
(157, '9', 'Укажите соответствующие пары:\n<br>\nмнемоническая запись команды - выполняемая операция', '', '', 'know_page.php?test=9&task=3', '3', 'Укажите соответствие для всех 5 вариантов ответа:'),
(158, '9', 'Сколько байт памяти занимает машинный код команды\n<br>\nXOR BH, [SI+3E0Fh]', '', '', 'know_page.php?test=9&task=4', '4', 'Выберите один из 5 вариантов ответа:'),
(159, '9', 'Сколько байт памяти занимает машинный код команды\n<br>\nOR [BX+DI+0Fh],DX', '', '', 'know_page.php?test=9&task=5', '5', 'Выберите один из 5 вариантов ответа:'),
(160, '9', 'Чему равно содержимое регистра AX в 16-ой системе счисления после выполнения группы команд:\n\n<br>\nMOV BL,100<br>\nXOR BL,0FFh<br>\nMOV AX,1450h<br>\nOR AH,BL', '', '', 'know_page.php?test=9&task=6', '6', 'Выберите один из 5 вариантов ответа:'),
(161, '9', 'Запишите команду, выполняющую установку 1,3 и 6 битов регистра AL.\nОстальные биты не изменяются. \n<br>\nМаску укажите в двоичном коде с индексом b.\n<br>\nПри записи команды используйте  один ! разделяющий пробел только между\nмнемоникой команды и операндом-приемником.\n<br>\nНапример: XOR AL,01010101b', '', '', 'know_page.php?test=9&task=7', '7', 'Запишите ответ:'),
(162, '9', 'Запишите команду выполняющую обнуление 0,3, 4 и 6 битов регистра AL.\nОстальные биты не изменяются. \n<br>\nМаску (операнд-источник) укажите в двоичном коде с индексом b.\n<br>\nПри записи команды используйте один ! разделяющий пробел только\nмежду мнемоникой команды и операндом-приемником.\n<br>\nНапример:   XOR AL,00010001b', '', '', 'know_page.php?test=9&task=8', '8', 'Запишите ответ:'),
(163, '9', 'Запишите команду, выполняющую установку 2,5 и 7 битов регистра AL.\nОстальные биты не изменяются. \n<br>\nМаску (операнд-источник) укажите в двоичном коде с индексом b.\n<br>\nПри записи команды используйте  один ! разделяющий пробел только между\nмнемоникой команды и операндом-приемником.\n<br>\nНапример: XOR AL,01010101b', '', '', 'know_page.php?test=9&task=9', '9', 'Запишите ответ:'),
(164, '9', 'Запишите команду выполняющую обнуление 1, 5 и 7 битов регистра AL.\nОстальные биты не изменяются. \n<br>\nМаску (операнд-источник) укажите в двоичном коде с индексом b,\n<br>\nПри записи команды используйте  один ! разделяющий пробел только\nмежду мнемоникой команды и операндом-приемником.\n<br>\nНапример: XOR AL,00010001b.', '', '', 'know_page.php?test=9&task=10', '10', '\nЗапишите ответ:'),
(165, '9', 'Запишите команду, обнуляющую старший и младший биты регистра DL.\n<br>\nМаску укажите в двоичном коде с индексом b.\n<br>\nПри записи команды используйте  один ! разделяющий пробел только\nмежду мнемоникой команды и операндом-приемником.\n<br>\nНапример: XOR Al,00101001b', '', '', 'know_page.php?test=9&task=11', '11', 'Запишите ответ:'),
(166, '9', 'Запишите команду, выполняющую умножение на 2 содержимого регистра AL. \n<br>\nПри записи команды используйте  один ! разделяющий пробел только\nмежду мнемоникой команды и операндом-приемником.', '', '', 'know_page.php?test=9&task=12', '12', 'Запишите ответ:');
INSERT INTO `test_query` (`id`, `number_test`, `query`, `href_image`, `response_options`, `href_query`, `number_task`, `know_response`) VALUES
(167, '9', 'Запишите команду, выполняющую деление на 2 содержимого регистра AL. \n<br>\nПри записи команды используйте  один ! разделяющий пробел только\nмежду мнемоникой команды и операндом-приемником.', '', '', 'know_page.php?test=9&task=13', '13', 'Запишите ответ:'),
(168, '9', 'Пусть в регистре АХ хранится число 9F3Ah\n<br>\nПри помощи команд сдвигов разделить содержимое AX на 64.\n<br>\nВведите полученный результат в 16-ой с/сч.\n<br>\nНапример: DE87', '', '', 'know_page.php?test=9&task=14', '14', 'Запишите ответ:'),
(169, '9', 'Напишите команду, записывающую в знаковый разряд регистра BH значение его младшего бита. \n<br>\nПри записи команды используйте  один ! разделяющий пробел только\nмежду мнемоникой команды и операндом-приемником.', '', '', 'know_page.php?test=9&task=15', '15', 'Запишите ответ:'),
(170, '9', 'Напишите команду, сохраняющую текущее состояние флага CF в младшем бите регистра AL. \n<br>\nПри записи команды используйте  один ! разделяющий пробел только между мнемоникой команды и операндом-приемником.\n', '', '', 'know_page.php?test=9&task=16', '16', 'Запишите ответ:'),
(171, '9', 'Напишите команду, сохраняющую текущее состояние флага CF в старшем бите регистра CX. \n<br>\nПри записи команды используйте  один ! разделяющий пробел только\nмежду мнемоникой команды и операндом-приемником.', '', '', 'know_page.php?test=9&task=17', '17', 'Запишите ответ:'),
(172, '9', 'По машинному коду команды определите, где размещаются операнды команды \n <br>\n00110000 00110000b', '', '', 'know_page.php?test=9&task=18', '18', 'Выберите один из 4 вариантов ответа:'),
(173, '9', 'По машинному коду команды определите, где размещаются операнды команды \n <br>\n00100011 00110100b', '', '', 'know_page.php?test=9&task=19', '19', 'Выберите один из 5 вариантов ответа:'),
(174, '9', 'Дана команда  XOR DS:[BX+DI+518h], DL\n<br>\nмашинный код которой  00110000 10010001 00011000 00000101b \nопределить значение поля OPC.\n<br>\nНапример: 10000001\n', '', '', 'know_page.php?test=9&task=20', '20', 'Запишите ответ:'),
(175, '9', 'Дана команда:  OR DS: [DI+30h], AL\n<br>\nмашинный код которой  00001000 01000101 00110000b \nОпределить значение поля R/OPC.\n<br>\nНапример, 100', '', '', 'know_page.php?test=9&task=21', '21', 'Запишите ответ:'),
(176, '9', 'Укажите верную последовательность команд, содержащих ошибки\n<br>\n1. Mov ds, [sp+95h]\n<br>\n2. Inc bx\n<br>\n3. Mov ss, 0bah\n<br>\n4. Add [si], [di]\n<br>\n5. Dec 18h\n<br>\n6. And ax, [bh][si]\n<br>\n7. Or byte ptr [si], 56h\n<br>\n8. Mov  ip, cx\n', '', '', 'know_page.php?test=9&task=22', '22', 'Выберите один из 5 вариантов ответа:'),
(177, '9', 'Укажите правильный машинный код для команды\n<br>\nADD DI,[BX+SI+5]\n<br>\nБазовый код команды ADD - 00h', '', '', 'know_page.php?test=9&task=23', '23', 'Выберите один из 5 вариантов ответа:'),
(178, '9', 'Выберите правильный машинный код для команды\n<br>\nAND [BX+14],AL\n<br>\nБазовый код команды AND - 20h', '', '', 'know_page.php?test=9&task=24', '24', 'Выберите один из 5 вариантов ответа:'),
(179, '9', 'Чему (в 16-ой системе счисления) равно содержимое регистра  AX после\nвыполнения указанных команд?<br>\njg - переход, если (ZF=0 и SF=OF)\n<br>\nВведите 4 цифры, например, 2003 или 0АВ3 ', '/document/tests/image/9222.png', '', 'know_page.php?test=9&task=25', '25', 'Запишите ответ:'),
(180, '9', 'Файл с расширением .МАР создается на этапе _____________ программы', '', '', 'know_page.php?test=9&task=26', '26', '\nВыберите один из 5 вариантов ответа:'),
(181, '9', 'Файл с расширением .LST создается на этапе _____________ программы', '', '', 'know_page.php?test=9&task=27', '27', 'Выберите один из 5 вариантов ответа:'),
(182, '9', 'Файл с расширением .OBJ создается на этапе _____________ программы', '', '', 'know_page.php?test=9&task=28', '28', 'Выберите один из 5 вариантов ответа:'),
(183, '9', 'Файл с расширением .EXE создается на этапе _____________ программы', '', '', 'know_page.php?test=9&task=29', '29', 'Выберите один из 5 вариантов ответа:'),
(184, '9', 'Файл с расширением .ASM создается на этапе _____________ программы', '', '', 'know_page.php?test=9&task=30', '30', 'Выберите один из 5 вариантов ответа:'),
(185, '9', '\nТаблица символов создается на этапе _____________', '', '', 'know_page.php?test=9&task=31', '31', '\nВыберите один из 5 вариантов ответа:'),
(186, '9', 'Связывание отдельных модулей в единый файл происходит на этапе _____________', '', '', 'know_page.php?test=9&task=32', '32', 'Выберите один из 5 вариантов ответа:'),
(187, '9', 'Файл  имя.map - это', '', '', 'know_page.php?test=9&task=33', '33', 'Выберите один из 6 вариантов ответа:'),
(188, '9', 'Введите (в именительном падеже, единств. число) название поля, отмеченного знаком "?"', '/document/tests/image/9233.png', '', 'know_page.php?test=9&task=34', '34', 'Запишите ответ:'),
(189, '10', 'Сколько байт памяти занимает команда условного перехода?', '', '', 'know_page.php?test=10&task=1', '1', 'Выберите один из 5 вариантов ответа:'),
(190, '10', 'Какой режим адресации использован в команде \n<br>\nJc MET', '', '', 'know_page.php?test=10&task=2', '2', 'Выберите один из 4 вариантов ответа:'),
(191, '10', 'Какое значение получит флаг SF при выполнении арифметического сложения двух байтовых величин: \n<br>\nDFh + 21h', '', '', 'know_page.php?test=10&task=3', '3', 'Выберите один из 2 вариантов ответа:'),
(192, '10', 'Определить, будет ли осуществлен переход на метку А3, если:\n\n<br>\nCMP CH, CL		; (CX) → 508Ah<br>\nJB	A3		            ; условный переход, если ниже (CF=1)\n		\n	', '', '', 'know_page.php?test=10&task=4', '4', 'Выберите один из 2 вариантов ответа:'),
(193, '10', 'Определить, будет ли осуществлен переход на метку А4, если:\n\n<br>\nAND CX, AX		; (CX) → 67AFh,  (AX) → DC37h<br>\nJP	A4		            ; условный переход, если паритет (PF=1)', '', '', 'know_page.php?test=10&task=5', '5', 'Выберите один из 2 вариантов ответа:'),
(194, '10', 'Определить, будет ли осуществлен переход на метку А3, если:\n\n<br>\nCMP CH, CL	; (CX) → 508Ah<br>\nJG	A3		; условный переход, если больше (ZF=0 и SF=OF)', '', '', 'know_page.php?test=10&task=6', '6', 'Выберите один из 2 вариантов ответа:'),
(195, '10', 'Определить, будет ли выполнен переход на метку L2\n<br>\nCMP	SI, BX		; (SI) = B200h; (BX) = 0050h<br>\nJL	     L2		            ; условный переход, если меньше (SF<>OF)', '', '', 'know_page.php?test=10&task=7', '7', 'Выберите один из 2 вариантов ответа:'),
(196, '10', 'Определить, будет ли осуществлен переход на метку А1, если:\n<br>\nSUB AL, 13410	; (AL) → 6710<br>\nJL    A1		; условный переход, если меньше (SF<>OF)', '', '', 'know_page.php?test=10&task=8', '8', 'Выберите один из 2 вариантов ответа:'),
(197, '10', 'Определить, будет ли выполнен переход на метку L1, если\n<br>\nOR	DL, 77h	; (DL) = 1Fh<br>\nJS  L1                      ;условный переход, если отрицательно (SF=1) ', '', '', 'know_page.php?test=10&task=9', '9', 'Выберите один из 2 вариантов ответа:'),
(198, '10', 'Определить, будет ли осуществлен переход на метку А2, если:\n\n<br>\nXOR BX, BX	; (BX) → 8FFh<br>\nJE	A2	            ; условный переход, если равно (ZF=1)', '', '', 'know_page.php?test=10&task=10', '10', 'Выберите один из 2 вариантов ответа:'),
(199, '10', 'Какая величина будет добавлена к текущему содержимому регистра IP в случае истинности условия в команде условного перехода?<br>\n(jc - переход, если флаг CF равен 1)\n\n<br>\nВведите 2 цифры в 16-ой системе счисления, например, 05 или 0А', '/document/tests/image/10213.png', '', 'know_page.php?test=10&task=11', '11', 'Запишите ответ:'),
(200, '10', 'Укажите содержимое байта адресации для команды MOV CX,chislo\n<br>\njc - переход, если флаг CF равен 1.\n<br>\nВведите 2 цифры в 16-ой системе счисления, например, 05 или 0А', '/document/tests/image/10214.png', '', 'know_page.php?test=10&task=12', '12', 'Запишите ответ:'),
(201, '10', 'Предположим, что выполнена команда сравнения двух операндов (CMP) .\n<br>\nНиже предложены 5 возможных вариантов состояния флагов после выполнения команды СМР.\n<br>\nОпределите, какие из 5 предложенных переходов будут выполнены.', '/document/tests/image/10215.png', '', 'know_page.php?test=10&task=13', '13', 'Выберите несколько из 5 вариантов ответа:'),
(202, '10', 'Предположим, что выполнена команда сравнения двух операндов (CMP) .\n<br>\nНиже предложены 5 возможных вариантов состояния флагов после выполнения команды СМР.\n<br>\nОпределите, какие из 5 предложенных переходов будут выполнены.', '/document/tests/image/10216.png', '', 'know_page.php?test=10&task=14', '14', 'Выберите несколько из 5 вариантов ответа:'),
(203, '10', 'Предположим, что выполнена команда сравнения двух операндов (CMP) .\n<br>\nНиже предложены 5 возможных вариантов состояния флагов после выполнения команды СМР.\n<br>\nОпределите, какие из 5 предложенных переходов будут выполнены.', '/document/tests/image/10217.png', '', 'know_page.php?test=10&task=15', '15', 'Выберите несколько из 5 вариантов ответа:'),
(204, '10', 'Предположим, что выполнена команда сравнения двух операндов (CMP) .\n<br>\nНиже предложены 5 возможных вариантов состояния флагов после выполнения команды СМР.\n<br>\nОпределите, какие из 5 предложенных переходов будут выполнены.', '/document/tests/image/10218.png', '', 'know_page.php?test=10&task=16', '16', 'Выберите несколько из 5 вариантов ответа:'),
(205, '10', 'Чему (в 16-ой системе счисления) равно содержимое регистра  CX после\nвыполнения указанных команд?<br>\njc - переход, если флаг CF равен 1.\n<br>\nВведите 4 цифры, например, 2003 или 0АВ3 ', '/document/tests/image/10219.png', '', 'know_page.php?test=10&task=17', '17', 'Запишите ответ:'),
(206, '10', 'Чему (в 16-ой системе счисления) равно содержимое регистра  DX\nпосле выполнения указанных команд?\n <br>\nje - переход, если флаг ZF равен 1.\n<br>\nВведите 4 цифры, например, 2003 или 0АВ3 ', '/document/tests/image/10220.png', '', 'know_page.php?test=10&task=18', '18', 'Запишите ответ:'),
(207, '10', 'Чему (в 16-ой системе счисления) равно содержимое регистра  AX после\nвыполнения указанных команд?<br>\njl - переход, если SF<>OF<br>Введите 4 цифры, например, 2003 или 0АВ3 ', '/document/tests/image/10221.png', '', 'know_page.php?test=10&task=19', '19', 'Запишите ответ:'),
(208, '10', 'Чему (в 16-ой системе счисления) равно содержимое регистра  AX после\nвыполнения указанных команд?<br>\njg - переход, если (ZF=0 и SF=OF)\n<br>\nВведите 4 цифры, например, 2003 или 0АВ3 ', '/document/tests/image/10222.png', '', 'know_page.php?test=10&task=20', '20', 'Запишите ответ:'),
(209, '10', 'Какой тип безусловного перехода приведен ниже?\n<br>\n.DATA<br>\nМ2   dd   14002500h	\n<br>\n.CODE<br>\n................<br>\nJMP M2	', '', '', 'know_page.php?test=10&task=21', '21', 'Выберите один из 5 вариантов ответа:'),
(210, '10', 'Какой тип перехода использован в следующей команде?\n<br>\nJMP far ptr GO', '', '', 'know_page.php?test=10&task=22', '22', '\nВыберите один из 5 вариантов ответа:'),
(211, '10', 'Какой тип безусловного перехода приведен ниже?\n<br>\nMOV AX, 1400h<br>		\n     JMP AX', '', '', 'know_page.php?test=10&task=23', '23', 'Выберите один из 5 вариантов ответа:'),
(212, '10', 'Какой тип безусловного перехода приведен ниже?\n<br>\n.DATA<br>\naddress dd 12345678h\n<br>\n.CODE<br>\n................<br>		\n     JMP address', '', '', 'know_page.php?test=10&task=24', '24', 'Выберите один из 5 вариантов ответа:'),
(213, '10', 'Какой тип безусловного перехода приведен ниже?\n<br>\n.DATA<br>\naddress dw 3A5Bh\n<br>\n.CODE<br>\n................<br>		\n     JMP address', '', '', 'know_page.php?test=10&task=25', '25', 'Выберите один из 5 вариантов ответа:'),
(214, '10', '\nКакой тип безусловного перехода приведен ниже?\n<br>\n.CODE<br>\n................	<br>	\n     JMP  short address', '', '', 'know_page.php?test=10&task=26', '26', 'Выберите один из 5 вариантов ответа:'),
(215, '11', 'Укажите состояние массива после выполнения команды логического сложения?', '/document/tests/image/11113.png', '', 'know_page.php?test=11&task=1', '1', 'Выберите один из 5 вариантов ответа:'),
(216, '11', 'Укажите состояние массива после выполнения команды "исключающее ИЛИ"?', '/document/tests/image/11114.png', '', 'know_page.php?test=11&task=2', '2', 'Выберите один из 5 вариантов ответа:'),
(217, '11', 'Укажите состояние массива после выполнения команды логического умножения?', '/document/tests/image/11115.png', '', 'know_page.php?test=11&task=3', '3', 'Выберите один из 5 вариантов ответа:'),
(218, '11', 'Какое количество сегментов выделяется программе, использующей модель памяти  TINY?', '', '', 'know_page.php?test=11&task=4', '4', 'Выберите один из 5 вариантов ответа:'),
(219, '11', '"Массив, состоящий из 3 строк и 7 столбцов, размещается в памяти в виде матрицы 3х7"?', '', '', 'know_page.php?test=11&task=5', '5', 'Выберите один из 2 вариантов ответа:'),
(220, '11', 'Какое количество сегментов выделяется программе с расширением  .COM?', '', '', 'know_page.php?test=11&task=6', '6', 'Выберите один из 5 вариантов ответа:'),
(221, '12', '', '/document/tests/image/12254.png', '', 'know_page.php?test=12&task=1', '1', 'Выберите один из 5 вариантов ответа:'),
(222, '12', 'Сортируем массив по возрастанию.\n\nВ алгоритме сортировки ________________на каждом шаге просмотру подвергается несортированная правая часть массива. В ней ищется очередной минимальный элемент. Если он найден, то производится его перемещение на место крайнего левого элемента несортированной правой части массива.', '', '', 'know_page.php?test=12&task=2', '2', 'Выберите один из 5 вариантов ответа:'),
(223, '12', 'Метод сортировки _________________ основан на сравнении и обмене пар соседних элементов до их полного упорядочивания. Сравнивают два соседних числа ai и ai+1. Если ai > ai+1, то делается перестановка. Так продолжается до тех пор, пока все элементы не станут расположены в порядке возрастания.\n', '', '', 'know_page.php?test=12&task=3', '3', 'Выберите один из 5 вариантов ответа:'),
(224, '12', 'Метод бинарного поиска элемента в массиве возможен только в неотсортированном массиве.\n', '', '', 'know_page.php?test=12&task=4', '4', 'Выберите один из 2 вариантов ответа:'),
(225, '12', 'Какой метод сортировки приведен на примере?', '/document/tests/image/12259.png', '', 'know_page.php?test=12&task=5', '5', 'Какой метод сортировки приведен на примере?'),
(226, '12', 'Пример работы сортировки __________ на последовательностях 2367 и  145', '/document/tests/image/12260.png', '', 'know_page.php?test=12&task=6', '6', 'Выберите один из 5 вариантов ответа:'),
(227, '12', 'Операция разделения массива (реорганизуем массив таким образом, чтобы все элементы, меньшие или равные опорному элементу, оказались слева от него, а все элементы, большие опорного - справа от него) используется при сортировке массива ________________________ \n', '', '', 'know_page.php?test=12&task=7', '7', 'Выберите один из 5 вариантов ответа:'),
(228, '13', 'Загрузку регистра AL из строки выполняет команда_________', '', '', 'know_page.php?test=13&task=1', '1', 'Запишите ответ:'),
(229, '13', 'Сравнить содержимое регистра AХ с элементом строки можно командой_________', '', '', 'know_page.php?test=13&task=2', '2', 'Запишите ответ:'),
(230, '13', 'Сравнить все элементы двух массивов слов можно командой_________ <br>\n(с указанием префикса)', '', '', 'know_page.php?test=13&task=3', '3', 'Запишите ответ:'),
(231, '13', 'Переслать все элементы строки байт можно командой_________ \n<br>(с указанием префикса)', '', '', 'know_page.php?test=13&task=4', '4', 'Запишите ответ:'),
(232, '13', 'Флаг DF можно сбросить командой__________', '', '', 'know_page.php?test=13&task=5', '5', 'Запишите ответ:'),
(233, '13', '\nФлаг DF можно установить командой__________', '', '', 'know_page.php?test=13&task=6', '6', 'Запишите ответ:'),
(234, '13', 'Напишите логический адрес строки источника для команды MOVS\n<br>\n(пробелы и квадратные скобки не использовать!)', '', '', 'know_page.php?test=13&task=7', '7', 'Запишите ответ:'),
(235, '13', 'Напишите логический адрес строки-приемника для команды SCAS\n\n<br>\n(пробелы и квадратные скобки не использовать!)\n', '', '', 'know_page.php?test=13&task=8', '8', 'Запишите ответ:'),
(236, '13', 'Напишите логический адрес строки приемника для команды CMPS\n<br>\n(пробелы и квадратные скобки не использовать!)', '', '', 'know_page.php?test=13&task=9', '9', 'Запишите ответ:'),
(237, '13', 'Введите строку, которая появится на экране в результате выполнения программы\n(без пробелов)\n', '/document/tests/image/13246.png', '', 'know_page.php?test=13&task=10', '10', 'Запишите ответ:'),
(238, '13', 'Напишите логический адрес строки приемника для команды MOVS\n<br>\n(пробелы и квадратные скобки не использовать!)', '', '', 'know_page.php?test=13&task=11', '11', 'Запишите ответ:'),
(239, '13', 'Сравнение в строке-приемнике текущего элемента с байтом, находящимся в регистре AL, выполняется при помощи команды ____ (введите мнемоническое обозначение команды). \n', '', '', 'know_page.php?test=13&task=12', '12', 'Запишите ответ:'),
(240, '13', 'Загрузка из строки-источника байта в регистр AL  выполняется при помощи команды ____ (введите мнемоническое обозначение команды). \n', '', '', 'know_page.php?test=13&task=13', '13', 'Запишите ответ:'),
(241, '13', 'Укажите нужный префикс для данного кода', '/document/tests/image/13250.png', '', 'know_page.php?test=13&task=14', '14', 'Выберите один из 3 вариантов ответа:'),
(242, '13', 'Укажите нужный префикс для данного кода', '/document/tests/image/13251.png', '', 'know_page.php?test=13&task=15', '15', 'Выберите один из 3 вариантов ответа:'),
(243, '13', 'Укажите нужный префикс для данного кода', '/document/tests/image/13252.png', '', 'know_page.php?test=13&task=16', '16', 'Выберите один из 3 вариантов ответа:'),
(244, '13', 'Укажите нужный префикс для данного кода', '/document/tests/image/13253.png', '', 'know_page.php?test=13&task=17', '17', 'Выберите один из 3 вариантов ответа:'),
(245, '', '', '', '', '', '', ''),
(246, '', '', '', '', '', '', ''),
(247, '', '', '', '', '', '', ''),
(248, '', '', '', '', '', '', ''),
(249, '', '', '', '', '', '', ''),
(250, '', '', '', '', '', '', ''),
(251, '', '', '', '', '', '', ''),
(252, '', '', '', '', '', '', ''),
(253, '', '', '', '', '', '', ''),
(254, '', '', '', '', '', '', ''),
(255, '', '', '', '', '', '', ''),
(256, '', '', '', '', '', '', ''),
(257, '', '', '', '', '', '', ''),
(258, '', '', '', '', '', '', ''),
(259, '', '', '', '', '', '', ''),
(260, '', '', '', '', '', '', ''),
(261, '', '', '', '', '', '', ''),
(262, '', '', '', '', '', '', ''),
(263, '', '', '', '', '', '', '');

-- --------------------------------------------------------

--
-- Структура таблицы `test_return`
--

CREATE TABLE IF NOT EXISTS `test_return` (
  `number_test` varchar(999) NOT NULL,
  `test_return` varchar(999) NOT NULL,
  `number_task` varchar(999) NOT NULL,
  `block_read` varchar(999) NOT NULL,
  `test_bal` varchar(999) NOT NULL,
  `id` int(11) NOT NULL AUTO_INCREMENT,
  PRIMARY KEY (`id`)
) ENGINE=InnoDB  DEFAULT CHARSET=utf8 AUTO_INCREMENT=262 ;

--
-- Дамп данных таблицы `test_return`
--

INSERT INTO `test_return` (`number_test`, `test_return`, `number_task`, `block_read`, `test_bal`, `id`) VALUES
('1', '2', '1', '1', '2', 1),
('1', '6', '2', '1', '2', 2),
('1', '3', '3', '1', '2', 3),
('1', '245', '4', '2', '1', 4),
('1', '53214', '5', '3', '1', 5),
('1', '3', '6', '0', '4', 6),
('1', '1', '7', '1', '2', 7),
('1', '2', '8', '1', '1', 8),
('1', 'нетда', '9', '3', '2', 9),
('1', '3', '10', '1', '1', 10),
('1', '2', '11', '1', '1', 11),
('1', '3', '12', '1', '1', 12),
('1', 'НетНет', '13', '3', '2', 13),
('1', 'ДаНет', '14', '3', '2', 14),
('1', '12356', '15', '2', '1', 15),
('1', 'команд', '16', '0', '1', 16),
('1', '345', '17', '2', '2', 17),
('1', '2', '18', '1', '2', 18),
('1', '4', '19', '1', '2', 19),
('1', '4', '20', '1', '2', 20),
('1', 'ДаНетНет', '21', '3', '3', 21),
('2', '1', '1', '1', '2', 22),
('2', '5', '2', '1', '2', 23),
('2', '4', '3', '1', '2', 24),
('2', '3', '4', '1', '2', 25),
('2', '1', '5', '1', '2', 26),
('2', '4', '6', '1', '2', 27),
('2', '256', '7', '2', '4', 28),
('2', '35421', '8', '3', '3', 29),
('2', '35421', '9', '3', '3', 30),
('2', '6', '10', '1', '2', 31),
('2', '1', '11', '1', '2', 32),
('2', '4', '12', '1', '2', 33),
('2', '7', '13', '1', '2', 34),
('2', '2', '14', '1', '2', 35),
('2', '1', '15', '1', '2', 36),
('3', 'нетда', '1', '3', '2', 37),
('3', 'дешифратор', '2', '0', '2', 38),
('3', '2', '3', '1', '1', 39),
('3', '1', '4', '1', '2', 40),
('3', 'нетнет', '5', '3', '2', 41),
('3', '2', '6', '1', '1', 42),
('3', '1', '7', '1', '1', 43),
('3', '16', '8', '0', '2', 44),
('3', '256', '9', '0', '2', 45),
('3', '64', '10', '0', '2', 46),
('3', '1', '11', '0', '2', 47),
('4', '5', '1', '1', '1', 48),
('4', '123', '2', '2', '2', 49),
('4', '2345', '3', '2', '2', 50),
('4', '1345', '4', '2', '2', 51),
('4', 'w', '5', '0', '1', 52),
('4', '5', '6', '1', '2', 53),
('4', 'imm', '7', '0', '1', 54),
('4', '3', '8', '1', '1', 55),
('4', '3', '9', '1', '1', 56),
('4', '2', '10', '1', '1', 57),
('4', '1245', '11', '2', '2', 58),
('4', '16', '12', '0', '1', 59),
('4', 'CS:IP', '13', '0', '2', 60),
('4', 'SS:SP', '14', '0', '2', 61),
('4', 'Ao', '15', '0', '1', 62),
('4', '5', '16', '1', '2', 63),
('4', '20', '17', '0', '1', 64),
('4', '1024', '18', '0', '1', 65),
('4', '24', '19', '2', '1', 66),
('4', '3', '20', '1', '3', 67),
('4', '1', '21', '1', '3', 68),
('4', '2', '22', '1', '3', 69),
('4', '2', '23', '1', '3', 70),
('4', '07220', '24', '0', '3', 71),
('4', '07210', '25', '0', '3', 72),
('4', '07220', '26', '0', '3', 73),
('4', '07222', '27', '0', '3', 74),
('4', '0710:000E', '28', '0', '4', 75),
('4', '0710E', '29', '0', '4', 76),
('4', '07108', '30', '0', '4', 77),
('4', '0710:0013', '31', '0', '4', 78),
('4', '0710:000D', '32', '0', '4', 79),
('4', '07111', '33', '0', '4', 80),
('5', '3', '1', '0', '2', 81),
('5', '2', '2', '1', '2', 82),
('5', '1', '3', '1', '3', 83),
('5', '2', '4', '1', '2', 84),
('5', '1', '5', '1', '3', 85),
('5', '4', '6', '1', '1', 86),
('5', '1', '7', '1', '3', 87),
('5', '2', '8', '1', '2', 88),
('5', '2', '9', '1', '2', 89),
('5', '24531', '10', '3', '3', 90),
('5', 'PF', '11', '0', '1', 91),
('5', 'OF', '12', '0', '1', 92),
('5', 'CF', '13', '0', '2', 93),
('5', '2', '14', '1', '5', 94),
('5', '2', '15', '1', '4', 95),
('5', '2', '16', '1', '5', 96),
('5', '2', '17', '1', '4', 97),
('6', '123', '1', '2', '2', 98),
('6', '20', '2', '0', '1', 99),
('6', '8', '3', '0', '1', 100),
('6', '16', '4', '0', '1', 101),
('6', '3', '5', '1', '1', 102),
('6', '4', '6', '1', '1', 103),
('6', 'нетдада', '7', '3', '3', 104),
('6', '2', '8', '1', '2', 105),
('6', '1', '9', '1', '1', 106),
('6', '4', '10', '0', '1', 107),
('6', 'нетнетда', '11', '3', '3', 108),
('6', 'дадададада', '12', '3', '5', 109),
('6', 'микропрограмма', '13', '0', '2', 110),
('6', '25431', '14', '3', '3', 111),
('6', '0013', '15', '0', '6', 112),
('6', '001A', '16', '0', '6', 113),
('6', '0017', '17', '0', '6', 114),
('6', '0010', '18', '0', '6', 115),
('6', '34125', '19', '3', '2', 116),
('7', '124', '1', '2', '2', 117),
('7', '3', '2', '1', '2', 118),
('7', '9', '3', '0', '6', 119),
('7', '234', '4', '2', '3', 120),
('7', '15', '5', '2', '3', 121),
('7', '124', '6', '2', '3', 122),
('7', '1245', '7', '2', '3', 123),
('7', '23', '8', '2', '3', 124),
('7', '25', '9', '2', '3', 125),
('7', 'MOV AX,0FFFFh', '10', '0', '2', 126),
('7', '3', '11', '1', '3', 127),
('7', '23541', '12', '3', '2', 128),
('7', '3', '13', '1', '3', 129),
('7', '2', '14', '1', '3', 130),
('7', '8A4401', '15', '0', '3', 131),
('8', '145', '1', '2', '1', 132),
('8', '134', '2', '2', '1', 133),
('8', '12', '3', '2', '1', 134),
('8', '1', '4', '2', '1', 135),
('8', '1', '5', '2', '1', 136),
('8', '4', '6', '2', '1', 137),
('8', '1', '7', '1', '2', 138),
('8', '2', '8', '1', '2', 139),
('8', '2', '9', '1', '5', 140),
('8', '21', '10', '0', '6', 141),
('8', '1', '11', '0', '6', 142),
('8', '4', '12', '0', '6', 143),
('8', '2', '13', '0', '10', 144),
('8', '4', '14', '1', '6', 145),
('8', '1', '15', '1', '3', 146),
('8', '2', '16', '1', '1', 147),
('8', '101', '17', '0', '1', 148),
('8', '01', '18', '0', '1', 149),
('8', '53142', '19', '3', '3', 150),
('8', '2', '20', '1', '3', 151),
('8', '4', '21', '1', '3', 152),
('8', '5', '22', '1', '3', 153),
('8', '0001', '23', '0', '2', 154),
('9', '51432', '1', '3', '2', 155),
('9', '41523', '2', '3', '2', 156),
('9', '3', '3', '3', '2', 157),
('9', '2', '4', '1', '2', 158),
('9', '3', '5', '1', '2', 159),
('9', '1', '6', '1', '5', 160),
('9', 'OR AL,01001010b', '7', '0', '4', 161),
('9', 'AND AL,10100110b', '8', '0', '4', 162),
('9', 'OR AL,10100100b', '9', '0', '4', 163),
('9', 'AND AL,01011101b', '10', '0', '4', 164),
('9', 'AND DL,01111110b', '11', '0', '3', 165),
('9', 'SAL AL,1', '12', '0', '4', 166),
('9', 'SAR AL,1', '13', '0', '4', 167),
('9', 'FE7C', '14', '0', '5', 168),
('9', 'ROR BH,1', '15', '0', '4', 169),
('9', 'RCL AL,1', '16', '0', '5', 170),
('9', 'RCR CX,1', '17', '0', '5', 171),
('9', '3', '18', '1', '3', 172),
('9', '5', '19', '1', '3', 173),
('9', '00110000', '20', '0', '1', 174),
('9', '000', '21', '0', '1', 175),
('9', '5', '22', '1', '2', 176),
('9', '5', '23', '1', '3', 177),
('9', '3', '24', '1', '3', 178),
('9', '007A', '25', '0', '6', 179),
('9', '3', '26', '1', '1', 180),
('9', '1', '27', '1', '1', 181),
('9', '1', '28', '1', '1', 182),
('9', '3', '29', '1', '1', 183),
('9', '2', '30', '1', '1', 184),
('9', '1', '31', '1', '1', 185),
('9', '3', '32', '1', '1', 186),
('9', '5', '33', '1', '1', 187),
('9', 'комментарий', '34', '0', '1', 188),
('10', '2', '1', '1', '1', 189),
('10', '1', '2', '1', '1', 190),
('10', '1', '3', '1', '3', 191),
('10', '1', '4', '1', '4', 192),
('10', '1', '5', '1', '4', 193),
('10', '1', '6', '1', '4', 194),
('10', '1', '7', '1', '4', 195),
('10', '2', '8', '1', '4', 196),
('10', '2', '9', '1', '4', 197),
('10', '1', '10', '1', '4', 198),
('10', '02', '11', '0', '2', 199),
('10', '0E', '12', '0', '4', 200),
('10', '134', '13', '2', '4', 201),
('10', '235', '14', '2', '4', 202),
('10', '1235', '15', '2', '4', 203),
('10', '145', '16', '2', '4', 204),
('10', '00A0', '17', '0', '6', 205),
('10', '000F', '18', '0', '5', 206),
('10', '003C', '19', '0', '6', 207),
('10', '007A', '20', '0', '6', 208),
('10', '4', '21', '1', '2', 209),
('10', '5', '22', '1', '2', 210),
('10', '2', '23', '1', '2', 211),
('10', '2', '24', '1', '4', 212),
('10', '2', '25', '1', '2', 213),
('10', '1', '26', '1', '2', 214),
('11', '1', '1', '1', '7', 215),
('11', '3', '2', '1', '6', 216),
('11', '5', '3', '1', '5', 217),
('11', '2', '4', '1', '1', 218),
('11', '2', '5', '1', '1', 219),
('11', '2', '6', '1', '1', 220),
('12', '5', '1', '1', '2', 221),
('12', '1', '2', '1', '2', 222),
('12', '2', '3', '1', '1', 223),
('12', '2', '4', '1', '1', 224),
('12', '2', '5', '1', '3', 225),
('12', '5', '6', '1', '2', 226),
('12', '4', '7', '1', '3', 227),
('13', 'LODSB', '1', '0', '2', 228),
('13', 'SCASD', '2', '0', '2', 229),
('13', 'REP CMPSW', '3', '0', '2', 230),
('13', 'REP MOVSB', '4', '0', '2', 231),
('13', 'CLD', '5', '0', '1', 232),
('13', 'STD', '6', '0', '1', 233),
('13', 'DS:SI', '7', '0', '2', 234),
('13', 'ES:DI', '8', '0', '2', 235),
('13', 'DS:SI', '9', '0', '3', 236),
('13', '09876543211234567890', '10', '0', '6', 237),
('13', 'ES:DI', '11', '0', '2', 238),
('13', 'SCASB', '12', '0', '2', 239),
('13', 'LODSB', '13', '0', '2', 240),
('13', '1', '14', '1', '4', 241),
('13', '2', '15', '1', '4', 242),
('13', '3', '16', '1', '4', 243),
('13', '2', '17', '1', '4', 244),
('', '', '', '', '', 245),
('', '', '', '', '', 246),
('', '', '', '', '', 247),
('', '', '', '', '', 248),
('', '', '', '', '', 249),
('', '', '', '', '', 250),
('', '', '', '', '', 251),
('', '', '', '', '', 252),
('', '', '', '', '', 253),
('', '', '', '', '', 254),
('', '', '', '', '', 255),
('', '', '', '', '', 256),
('', '', '', '', '', 257),
('', '', '', '', '', 258),
('', '', '', '', '', 259),
('', '', '', '', '', 260),
('', '', '', '', '', 261);

-- --------------------------------------------------------

--
-- Структура таблицы `users`
--

CREATE TABLE IF NOT EXISTS `users` (
  `id` int(11) NOT NULL AUTO_INCREMENT,
  `surname` varchar(999) NOT NULL,
  `name` varchar(999) NOT NULL,
  `middle_name` varchar(999) NOT NULL,
  `email` varchar(999) NOT NULL,
  `password` varchar(999) NOT NULL,
  `login` varchar(999) NOT NULL,
  `hash` varchar(999) NOT NULL,
  `time_live` varchar(999) NOT NULL,
  `time_run` varchar(999) NOT NULL,
  `time_delete` varchar(999) NOT NULL,
  `active` varchar(999) NOT NULL,
  PRIMARY KEY (`id`)
) ENGINE=InnoDB  DEFAULT CHARSET=utf8 AUTO_INCREMENT=26 ;

--
-- Дамп данных таблицы `users`
--

INSERT INTO `users` (`id`, `surname`, `name`, `middle_name`, `email`, `password`, `login`, `hash`, `time_live`, `time_run`, `time_delete`, `active`) VALUES
(2, 'Admin', 'Admin', 'Admin', 'Admin', 'Admin', 'Admin', '', '', '', '', '1'),
(22, 'Поух', 'Денис ', 'Иванович ', 'den2006@mail.ru', '123', 'den2006', 'hash=b57bhn6n6s5zn5af9ztehtt0h6621i8zsat4k701', '86400', '1466278967', '1466365367', '1'),
(23, 'User_1', 'User_1', 'User_1', 'User_1@mail.ru', '123', 'User_1', 'hash=zdhhh904nitare8aif0byy09b3zar5aesr03433t', '86400', '1466503595', '1466589995', '1'),
(25, 'Ковалевич', 'Артём', 'Юрьевич', 'kowalevichartem@mail.ru', 'artem_GOLD_1996', 'ksmkirpich', 'hash=ii4th0knn1b3ryny1yhs2aez55at3hrh1ehyi89n', '86400', '1466715988', '1466802388', '1');

/*!40101 SET CHARACTER_SET_CLIENT=@OLD_CHARACTER_SET_CLIENT */;
/*!40101 SET CHARACTER_SET_RESULTS=@OLD_CHARACTER_SET_RESULTS */;
/*!40101 SET COLLATION_CONNECTION=@OLD_COLLATION_CONNECTION */;
